Date,Name,Year,Letterboxd URI
2019-02-09,Glass,2019,https://boxd.it/g3uO
2019-02-09,American Sniper,2014,https://boxd.it/5LDy
2019-02-09,Spider-Man: Into the Spider-Verse,2018,https://boxd.it/azpY
2019-06-18,Suicide Squad,2016,https://boxd.it/9row
2019-06-18,Rogue One: A Star Wars Story,2016,https://boxd.it/aPvy
2019-06-18,Ghostbusters,2016,https://boxd.it/Vm8
2019-06-18,Star Trek Beyond,2016,https://boxd.it/5Ik4
2019-06-18,Neighbors 2: Sorority Rising,2016,https://boxd.it/aA80
2019-06-18,Now You See Me 2,2016,https://boxd.it/99fw
2019-06-18,Teenage Mutant Ninja Turtles: Out of the Shadows,2016,https://boxd.it/9T2e
2019-06-18,The Jungle Book,2016,https://boxd.it/8wjk
2019-06-18,Independence Day: Resurgence,2016,https://boxd.it/JwK
2019-06-18,The Purge: Election Year,2016,https://boxd.it/ae5I
2019-06-18,Doctor Strange,2016,https://boxd.it/8MH8
2019-06-18,Money Monster,2016,https://boxd.it/9GCS
2019-06-18,Nerve,2016,https://boxd.it/aJIc
2019-06-18,Concussion,2015,https://boxd.it/aqIs
2019-06-18,Demolition,2015,https://boxd.it/9GuY
2019-06-18,Hardcore Henry,2015,https://boxd.it/aAIM
2019-06-18,Careful What You Wish For,2015,https://boxd.it/aguA
2019-06-18,The Magnificent Seven,2016,https://boxd.it/aZAy
2019-06-18,Burnt,2015,https://boxd.it/9mVg
2019-06-18,Guardians of the Galaxy Vol. 2,2017,https://boxd.it/8MxC
2019-06-18,"Love, Rosie",2014,https://boxd.it/62hE
2019-06-18,About Time,2013,https://boxd.it/43bI
2019-06-18,Filth,2013,https://boxd.it/32NY
2019-06-18,Split,2016,https://boxd.it/dgSy
2019-06-18,War Dogs,2016,https://boxd.it/9SlO
2019-06-18,The Accountant,2016,https://boxd.it/9EhI
2019-06-18,Miss Peregrine's Home for Peculiar Children,2016,https://boxd.it/8KPu
2019-06-18,The Proposal,2009,https://boxd.it/1HiS
2019-06-18,The Illusionist,2006,https://boxd.it/28H6
2019-06-18,Snowden,2016,https://boxd.it/9CWO
2019-06-18,Captain Fantastic,2016,https://boxd.it/b2K2
2019-06-18,Finding Dory,2016,https://boxd.it/4aAA
2019-06-18,Collateral Beauty,2016,https://boxd.it/bAIu
2019-06-18,Live by Night,2016,https://boxd.it/7GJA
2019-06-18,A Dog's Purpose,2017,https://boxd.it/dgSI
2019-06-18,The Kings of Summer,2013,https://boxd.it/4V3e
2019-06-18,Popstar: Never Stop Never Stopping,2016,https://boxd.it/blDa
2019-06-18,Hacksaw Ridge,2016,https://boxd.it/azew
2019-06-18,The Distinguished Citizen,2016,https://boxd.it/enGc
2019-06-18,The Final Girls,2015,https://boxd.it/9gv2
2019-06-18,The Brothers Bloom,2008,https://boxd.it/1Bqm
2019-06-18,Shut In,2016,https://boxd.it/aNX6
2019-06-18,Nocturnal Animals,2016,https://boxd.it/bkFu
2019-06-18,Midnight in Paris,2011,https://boxd.it/i4a
2019-06-18,Just Like Heaven,2005,https://boxd.it/1ZoO
2019-06-18,Central Intelligence,2016,https://boxd.it/9DFE
2019-06-18,Donnie Darko,2001,https://boxd.it/2b2A
2019-06-18,The Cider House Rules,1999,https://boxd.it/28fm
2019-06-18,The Next Three Days,2010,https://boxd.it/UdE
2019-06-18,Bleed for This,2016,https://boxd.it/aYi4
2019-06-18,ARQ,2016,https://boxd.it/erMS
2019-06-18,Masterminds,2016,https://boxd.it/6mTe
2019-06-18,"Crazy, Stupid, Love.",2011,https://boxd.it/D9A
2019-06-18,Angels & Demons,2009,https://boxd.it/1Q9K
2019-06-18,The Last Party,2016,https://boxd.it/fAw2
2019-06-18,The Nice Guys,2016,https://boxd.it/94Hg
2019-06-18,The Place Beyond the Pines,2012,https://boxd.it/3mDu
2019-06-18,The Ides of March,2011,https://boxd.it/1WyG
2019-06-18,The Time Machine,2002,https://boxd.it/27mG
2019-06-18,Red Lights,2012,https://boxd.it/2Bvo
2019-06-18,Blade Runner,1982,https://boxd.it/2bcA
2019-06-18,The Truman Show,1998,https://boxd.it/18U8
2019-06-18,Into the Wild,2007,https://boxd.it/22m2
2019-06-18,Safe Passage,2015,https://boxd.it/ck1Q
2019-06-18,Don't Breathe,2016,https://boxd.it/9yzw
2019-06-18,The Shawshank Redemption,1994,https://boxd.it/2aHi
2019-06-18,In a Valley of Violence,2016,https://boxd.it/987Q
2019-06-18,Inferno,2016,https://boxd.it/6dMS
2019-06-18,Triple 9,2016,https://boxd.it/4Ec4
2019-06-18,Zodiac,2007,https://boxd.it/27MO
2019-06-18,Twelve Monkeys,1995,https://boxd.it/2beQ
2019-06-18,Prisoners,2013,https://boxd.it/4E5i
2019-06-18,Mr. Holmes,2015,https://boxd.it/8EBw
2019-06-18,The Great Gatsby,2013,https://boxd.it/JY
2019-06-18,Limitless,2011,https://boxd.it/Aly
2019-06-18,The Prestige,2006,https://boxd.it/293w
2019-06-18,Les Misérables,2012,https://boxd.it/2TT4
2019-06-18,Warrior,2011,https://boxd.it/i3G
2019-06-18,Forrest Gump,1994,https://boxd.it/728
2019-06-18,The Club of the Misunderstood,2014,https://boxd.it/7Kie
2019-06-18,Memento,2000,https://boxd.it/2bcK
2019-06-18,"Men, Women & Children",2014,https://boxd.it/79Wm
2019-06-18,Don Jon,2013,https://boxd.it/4sdk
2019-06-18,Project Almanac,2015,https://boxd.it/6IP4
2019-06-18,Being John Malkovich,1999,https://boxd.it/2ahu
2019-06-18,Charlie St. Cloud,2010,https://boxd.it/177E
2019-06-18,Hachi: A Dog's Tale,2009,https://boxd.it/1q4a
2019-06-18,Cloud Atlas,2012,https://boxd.it/2W60
2019-06-18,(500) Days of Summer,2009,https://boxd.it/1EmM
2019-06-18,Big,1988,https://boxd.it/271S
2019-06-18,Café Society,2016,https://boxd.it/bhEy
2019-06-18,Sully,2016,https://boxd.it/cD8Q
2019-06-18,Hands of Stone,2016,https://boxd.it/5B6a
2019-06-18,A Lot Like Love,2005,https://boxd.it/1ZsQ
2019-06-18,The Visit,2015,https://boxd.it/9ssO
2019-06-18,A Good Year,2006,https://boxd.it/1XXs
2019-06-18,Max Steel,2016,https://boxd.it/8T5A
2019-06-18,The Legend of Tarzan,2016,https://boxd.it/7DUU
2019-06-18,Passengers,2016,https://boxd.it/8lFu
2019-06-18,The Breakfast Club,1985,https://boxd.it/27q4
2019-06-18,Spotlight,2015,https://boxd.it/a84k
2019-06-18,John Wick: Chapter 2,2017,https://boxd.it/ayGu
2019-06-18,Assassin's Creed,2016,https://boxd.it/41IK
2019-06-18,La La Land,2016,https://boxd.it/a5fa
2019-06-18,The Circle,2017,https://boxd.it/bj1I
2019-06-18,Pacific Rim,2013,https://boxd.it/2cB2
2019-06-18,A Monster Calls,2016,https://boxd.it/7DjE
2019-06-18,Sing Street,2016,https://boxd.it/cOo6
2019-06-18,The Double,2013,https://boxd.it/4DLW
2019-06-18,The Machinist,2004,https://boxd.it/248c
2019-06-18,American Psycho,2000,https://boxd.it/28Vs
2019-06-18,12 Years a Slave,2013,https://boxd.it/2D2e
2019-06-18,xXx: Return of Xander Cage,2017,https://boxd.it/JqC
2019-06-18,Arrival,2016,https://boxd.it/aNGk
2019-06-18,The Night Before,2015,https://boxd.it/9n9W
2019-06-18,The Founder,2016,https://boxd.it/9XwM
2019-06-18,Squatters,2014,https://boxd.it/829O
2019-06-18,Frank,2014,https://boxd.it/5hII
2019-06-18,Stronger Than The World: The Story of José Aldo,2016,https://boxd.it/cVHE
2019-06-18,The Music Never Stopped,2011,https://boxd.it/pc6
2019-06-18,The Theory of Everything,2014,https://boxd.it/7YtA
2019-06-18,17 Again,2009,https://boxd.it/1Jnq
2019-06-18,The Lucky One,2012,https://boxd.it/2HlY
2019-06-18,Argo,2012,https://boxd.it/2czU
2019-06-18,American Hustle,2013,https://boxd.it/5dz8
2019-06-18,Trainspotting,1996,https://boxd.it/29XY
2019-06-18,T2 Trainspotting,2017,https://boxd.it/5vTA
2019-06-18,Life,2017,https://boxd.it/dRqG
2019-06-18,Ghost in the Shell,2017,https://boxd.it/abTA
2019-06-18,Logan,2017,https://boxd.it/7Piy
2019-06-18,Sing,2016,https://boxd.it/b5EQ
2019-06-18,Mr. Nobody,2009,https://boxd.it/1k44
2019-06-18,Locke,2013,https://boxd.it/6hHC
2019-06-18,High-Rise,2015,https://boxd.it/7tmo
2019-06-18,Eddie the Eagle,2015,https://boxd.it/amAY
2019-06-18,Why Him?,2016,https://boxd.it/c3Wq
2019-06-18,Awakenings,1990,https://boxd.it/1USu
2019-06-18,Moon,2009,https://boxd.it/1IGQ
2019-06-18,Valerian and the City of a Thousand Planets,2017,https://boxd.it/biYY
2019-06-19,The Butterfly Effect,2004,https://boxd.it/27M0
2019-06-19,Looper,2012,https://boxd.it/ham
2019-06-19,Predestination,2014,https://boxd.it/6bJM
2019-06-19,Interstellar,2014,https://boxd.it/4VZ8
2019-06-19,Back to the Future,1985,https://boxd.it/2b8e
2019-06-19,Back to the Future Part II,1989,https://boxd.it/2aYI
2019-06-19,Back to the Future Part III,1990,https://boxd.it/2aTS
2019-06-19,Source Code,2011,https://boxd.it/fdo
2019-06-19,The Terminator,1984,https://boxd.it/2aQY
2019-06-19,Terminator 2: Judgment Day,1991,https://boxd.it/2aGY
2019-06-19,Groundhog Day,1993,https://boxd.it/2b3e
2019-06-19,Déjà Vu,2006,https://boxd.it/20PQ
2019-06-19,Edge of Tomorrow,2014,https://boxd.it/4pD0
2019-06-30,Unbreakable,2000,https://boxd.it/1XV2
2019-06-30,Overlord,2018,https://boxd.it/fAwm
2019-06-30,Mary Poppins,1964,https://boxd.it/2aoA
2019-06-30,The World's End,2013,https://boxd.it/3EiO
2019-06-30,Creed II,2018,https://boxd.it/hgl8
2019-06-30,Aloha,2015,https://boxd.it/6BQk
2019-06-30,Ralph Breaks the Internet,2018,https://boxd.it/edAy
2019-06-30,Hesher,2010,https://boxd.it/QYG
2019-06-30,Batman Forever,1995,https://boxd.it/2ara
2019-06-30,Batman Returns,1992,https://boxd.it/2awa
2019-06-30,Flatliners,2017,https://boxd.it/e4CK
2019-06-30,Widows,2018,https://boxd.it/e6gc
2019-06-30,Something's Gotta Give,2003,https://boxd.it/21gC
2019-06-30,Happy Death Day 2U,2019,https://boxd.it/ixt6
2019-06-30,Roma,2018,https://boxd.it/f69M
2019-06-30,Green Book,2018,https://boxd.it/hErk
2019-06-30,The Big Short,2015,https://boxd.it/ajZw
2019-06-30,Liberal Arts,2012,https://boxd.it/2Y7O
2019-06-30,The Green Mile,1999,https://boxd.it/2agG
2019-06-30,I'm Gilda,2016,https://boxd.it/eHMk
2019-06-30,Mr. Right,2015,https://boxd.it/aZkK
2019-06-30,Isn't It Romantic,2019,https://boxd.it/g1jE
2019-06-30,Inception,2010,https://boxd.it/1skk
2019-06-30,Grimsby,2016,https://boxd.it/7ZkO
2019-06-30,The Spectacular Now,2013,https://boxd.it/4VSG
2019-06-30,Edtv,1999,https://boxd.it/1U08
2019-06-30,Last Action Hero,1993,https://boxd.it/1YhW
2019-06-30,Life Itself,2018,https://boxd.it/fUda
2019-06-30,Signs,2002,https://boxd.it/26t2
2019-06-30,Vice,2018,https://boxd.it/fcFY
2019-06-30,The Change-Up,2011,https://boxd.it/FRu
2019-06-30,Velvet Buzzsaw,2019,https://boxd.it/gAy0
2019-06-30,The Royal Tenenbaums,2001,https://boxd.it/1YHU
2019-06-30,Triple Frontier,2019,https://boxd.it/dZUO
2019-06-30,Seven Years in Tibet,1997,https://boxd.it/29aC
2019-06-30,Terrified,2017,https://boxd.it/hCyy
2019-06-30,The Lego Movie 2: The Second Part,2019,https://boxd.it/8BAU
2019-06-30,The Dirt,2019,https://boxd.it/aGN4
2019-06-30,The Fugitive,1993,https://boxd.it/230G
2019-06-30,Magnolia,1999,https://boxd.it/2aze
2019-06-30,A Dog's Way Home,2019,https://boxd.it/ioRy
2019-06-30,My Masterpiece,2018,https://boxd.it/jv20
2019-06-30,Pretty Woman,1990,https://boxd.it/2b6M
2019-06-30,Life of Crime,2013,https://boxd.it/6fKk
2019-06-30,Cinderella Man,2005,https://boxd.it/29he
2019-06-30,Big Fish,2003,https://boxd.it/2a3M
2019-06-30,Welcome to Marwen,2018,https://boxd.it/bNBQ
2019-06-30,Seabiscuit,2003,https://boxd.it/24iw
2019-06-30,The Highwaymen,2019,https://boxd.it/i4ie
2019-06-30,The Adjustment Bureau,2011,https://boxd.it/16T8
2019-06-30,A Knight's Tale,2001,https://boxd.it/1YAk
2019-06-30,Django Unchained,2012,https://boxd.it/2cCk
2019-06-30,Shazam!,2019,https://boxd.it/8WBu
2019-06-30,The Perfect Date,2019,https://boxd.it/jP9A
2019-06-30,Avengers: Endgame,2019,https://boxd.it/9vE4
2019-06-30,Marley & Me,2008,https://boxd.it/1Ola
2019-06-30,Mr. & Mrs. Smith,2005,https://boxd.it/29CG
2019-06-30,Hell or High Water,2016,https://boxd.it/bfGM
2019-06-30,Fighting with My Family,2019,https://boxd.it/fRyO
2019-06-30,On Probation,2005,https://boxd.it/2Ivq
2019-06-30,Little Miss Sunshine,2006,https://boxd.it/29EW
2019-06-30,Unicorn Store,2017,https://boxd.it/f05u
2019-06-30,The Last Summer,2019,https://boxd.it/i8Sg
2019-06-30,Burning,2018,https://boxd.it/hHUa
2019-06-30,"Extremely Wicked, Shockingly Evil and Vile",2019,https://boxd.it/glCG
2019-06-30,Pan's Labyrinth,2006,https://boxd.it/28No
2019-06-30,Heart and Souls,1993,https://boxd.it/1SkA
2019-06-30,The Fifth Estate,2013,https://boxd.it/54Pc
2019-06-30,Kill Bill: Vol. 1,2003,https://boxd.it/70w
2019-06-30,Kill Bill: Vol. 2,2004,https://boxd.it/2au4
2019-06-30,Spawn,1997,https://boxd.it/1WvM
2019-06-30,Dark Phoenix,2019,https://boxd.it/anyO
2019-06-30,Pokémon Detective Pikachu,2019,https://boxd.it/fVA0
2019-06-30,Taxi Driver,1976,https://boxd.it/2b8y
2019-06-30,District 9,2009,https://boxd.it/1Iik
2019-06-30,Toy Story 4,2019,https://boxd.it/9ALu
2019-06-30,The Ballad of Buster Scruggs,2018,https://boxd.it/jB2q
2019-06-30,First Man,2018,https://boxd.it/cPym
2019-06-30,"Hail, Caesar!",2016,https://boxd.it/881G
2019-06-30,Aquaman,2018,https://boxd.it/9ru0
2019-06-30,The Sixth Sense,1999,https://boxd.it/29Js
2019-06-30,Bad Times at the El Royale,2018,https://boxd.it/fSA2
2019-06-30,True Story,2015,https://boxd.it/7dmC
2019-06-30,A Simple Favor,2018,https://boxd.it/hq92
2019-06-30,Apostle,2018,https://boxd.it/f0so
2019-06-30,Love the Coopers,2015,https://boxd.it/aZfA
2019-06-30,Swiss Army Man,2016,https://boxd.it/bDG2
2019-06-30,Ferris Bueller's Day Off,1986,https://boxd.it/1YPY
2019-06-30,Reservoir Dogs,1992,https://boxd.it/2agc
2019-06-30,The Lobster,2015,https://boxd.it/7tnw
2019-06-30,Kong: Skull Island,2017,https://boxd.it/9ewM
2019-06-30,The Voices,2014,https://boxd.it/7b3S
2019-06-30,Guardians,2017,https://boxd.it/bY7s
2019-06-30,How Do You Know,2010,https://boxd.it/VMK
2019-06-30,At Any Price,2012,https://boxd.it/43rc
2019-06-30,The Day After Tomorrow,2004,https://boxd.it/2aog
2019-06-30,Bubble Boy,2001,https://boxd.it/1Y3U
2019-06-30,Love Actually,2003,https://boxd.it/2aeU
2019-06-30,Scott Pilgrim vs. the World,2010,https://boxd.it/1Aq6
2019-06-30,Wind River,2017,https://boxd.it/dR3i
2019-06-30,War Machine,2017,https://boxd.it/bX6S
2019-06-30,Power Rangers,2017,https://boxd.it/9KKc
2019-06-30,The Lost City of Z,2016,https://boxd.it/a7jS
2019-06-30,Primer,2004,https://boxd.it/6YA
2019-06-30,Seventh Son,2014,https://boxd.it/2czq
2019-06-30,Wonder Woman,2017,https://boxd.it/9roG
2019-06-30,Spider-Man: Homecoming,2017,https://boxd.it/aboM
2019-06-30,Alien: Covenant,2017,https://boxd.it/49UY
2019-06-30,Okja,2017,https://boxd.it/dvXe
2019-06-30,Snatch,2000,https://boxd.it/2b7U
2019-06-30,The Invisible Guest,2016,https://boxd.it/euce
2019-06-30,Get Out,2017,https://boxd.it/eOCm
2019-06-30,Unbroken,2014,https://boxd.it/6IaA
2019-06-30,Tinker Tailor Soldier Spy,2011,https://boxd.it/FRY
2019-06-30,Saving Private Ryan,1998,https://boxd.it/29ro
2019-06-30,Black Swan,2010,https://boxd.it/Sw0
2019-06-30,St. Vincent,2014,https://boxd.it/73bE
2019-06-30,Gifted,2017,https://boxd.it/e5dG
2019-06-30,Vertigo,1958,https://boxd.it/2apI
2019-06-30,King Arthur: Legend of the Sword,2017,https://boxd.it/8lDS
2019-06-30,Adaptation.,2002,https://boxd.it/26mA
2019-06-30,Naked,2017,https://boxd.it/fmDe
2019-06-30,Eternal Sunshine of the Spotless Mind,2004,https://boxd.it/6YK
2019-06-30,Scoop,2006,https://boxd.it/2aeg
2019-06-30,Baywatch,2017,https://boxd.it/biG6
2019-06-30,Rememory,2017,https://boxd.it/dR20
2019-06-30,Her,2013,https://boxd.it/4O24
2019-06-30,Going in Style,2017,https://boxd.it/bSKS
2019-06-30,Boy Missing,2016,https://boxd.it/ebzy
2019-06-30,Death Note,2017,https://boxd.it/bOS4
2019-06-30,Mystic River,2003,https://boxd.it/2aAG
2019-06-30,Hairspray,2007,https://boxd.it/261M
2019-06-30,CHiPS,2017,https://boxd.it/eKv2
2019-06-30,The Hitman's Bodyguard,2017,https://boxd.it/dCmO
2019-06-30,360,2011,https://boxd.it/3a14
2019-06-30,Roles in the Wind,2015,https://boxd.it/9ZMi
2019-06-30,Pulp Fiction,1994,https://boxd.it/29Pq
2019-06-30,"Lock, Stock and Two Smoking Barrels",1998,https://boxd.it/2b92
2019-06-30,The Lost Brother,2017,https://boxd.it/fWSO
2019-06-30,It,2017,https://boxd.it/bC8e
2019-06-30,The Bad Batch,2016,https://boxd.it/acEG
2019-06-30,Blade Runner 2049,2017,https://boxd.it/b8wK
2019-06-30,Overdrive,2017,https://boxd.it/eesq
2019-06-30,Our Kind of Traitor,2016,https://boxd.it/6aiK
2019-06-30,Kingsman: The Secret Service,2014,https://boxd.it/6dxe
2019-06-30,Frequency,2000,https://boxd.it/1VXA
2019-06-30,American Pastoral,2016,https://boxd.it/aDU2
2019-06-30,Dark Places,2015,https://boxd.it/5ylc
2019-06-30,The Meyerowitz Stories (New and Selected),2017,https://boxd.it/dSp0
2019-06-30,I.T.,2016,https://boxd.it/bkGW
2019-06-30,Bewitched,2005,https://boxd.it/1XXW
2019-06-30,Oldboy,2013,https://boxd.it/35AS
2019-06-30,Collide,2016,https://boxd.it/5Tx4
2019-06-30,Thor: Ragnarok,2017,https://boxd.it/8MHi
2019-06-30,The Fisher King,1991,https://boxd.it/2aWM
2019-06-30,Primal Fear,1996,https://boxd.it/28ws
2019-06-30,Gangs of New York,2002,https://boxd.it/25FG
2019-06-30,No Country for Old Men,2007,https://boxd.it/21ew
2019-06-30,The Dark Tower,2017,https://boxd.it/bU66
2019-06-30,The Soloist,2009,https://boxd.it/1IPe
2019-06-30,Wet Hot American Summer,2001,https://boxd.it/27hw
2019-06-30,Million Dollar Arm,2014,https://boxd.it/5Y34
2019-06-30,1922,2017,https://boxd.it/g8CS
2019-06-30,Lion,2016,https://boxd.it/b2La
2019-06-30,Zero Dark Thirty,2012,https://boxd.it/3n1w
2019-06-30,Ace Ventura: Pet Detective,1994,https://boxd.it/25RW
2019-06-30,JFK,1991,https://boxd.it/29xm
2019-06-30,Shot Caller,2017,https://boxd.it/bihA
2019-06-30,The Bar,2017,https://boxd.it/eRT6
2019-06-30,Justice League,2017,https://boxd.it/4w68
2019-06-30,Happy Death Day,2017,https://boxd.it/fDz4
2019-06-30,Halloween,1978,https://boxd.it/2wRu
2019-06-30,Logan Lucky,2017,https://boxd.it/dZrs
2019-06-30,Kingsman: The Golden Circle,2017,https://boxd.it/buJm
2019-06-30,Atomic Blonde,2017,https://boxd.it/blDk
2019-06-30,Transformers: The Last Knight,2017,https://boxd.it/b8xo
2019-06-30,What We Do in the Shadows,2014,https://boxd.it/7eQy
2019-06-30,Star Wars: The Last Jedi,2017,https://boxd.it/5xme
2019-06-30,A Beautiful Mind,2001,https://boxd.it/2amk
2019-06-30,Jaws,1975,https://boxd.it/2a5e
2019-06-30,The Score,2001,https://boxd.it/1U0C
2019-06-30,mother!,2017,https://boxd.it/dgRU
2019-06-30,Spielberg,2017,https://boxd.it/gIXC
2019-06-30,Cloverfield,2008,https://boxd.it/2192
2019-06-30,Crimson Peak,2015,https://boxd.it/62Ty
2019-06-30,Mamma Mia!,2008,https://boxd.it/1Tnq
2019-06-30,"Three Billboards Outside Ebbing, Missouri",2017,https://boxd.it/ceBS
2019-06-30,The Disaster Artist,2017,https://boxd.it/cTqc
2019-06-30,Coco,2017,https://boxd.it/bYJQ
2019-06-30,Molly's Game,2017,https://boxd.it/dSl8
2019-06-30,Moonrise Kingdom,2012,https://boxd.it/2Wng
2019-06-30,What About Bob?,1991,https://boxd.it/1WEk
2019-06-30,Man on the Moon,1999,https://boxd.it/281k
2019-06-30,Jim & Andy: The Great Beyond,2017,https://boxd.it/gO36
2019-06-30,Black Panther,2018,https://boxd.it/8MHs
2019-06-30,When We First Met,2018,https://boxd.it/fn3G
2019-06-30,Mississippi Grind,2015,https://boxd.it/9UfI
2019-06-30,Fury,2014,https://boxd.it/6JwC
2019-06-30,In Bruges,2008,https://boxd.it/20n8
2019-06-30,One Flew Over the Cuckoo's Nest,1975,https://boxd.it/2aeA
2019-06-30,"I, Daniel Blake",2016,https://boxd.it/d0xa
2019-06-30,"I, Tonya",2017,https://boxd.it/dzR0
2019-06-30,The Shape of Water,2017,https://boxd.it/dZ5m
2019-06-30,Dunkirk,2017,https://boxd.it/d0Y6
2019-06-30,Jumanji: Welcome to the Jungle,2017,https://boxd.it/bUeE
2019-06-30,The Matrix,1999,https://boxd.it/2a1m
2019-06-30,A Futile and Stupid Gesture,2018,https://boxd.it/dGNk
2019-06-30,The Godfather,1972,https://boxd.it/2aNK
2019-06-30,The Godfather: Part II,1974,https://boxd.it/2aNq
2019-06-30,The Godfather: Part III,1990,https://boxd.it/2aN6
2019-06-30,Scarface,1983,https://boxd.it/2b7g
2019-06-30,Ready Player One,2018,https://boxd.it/aZes
2019-06-30,The Invention of Lying,2009,https://boxd.it/1zGs
2019-06-30,The Shining,1980,https://boxd.it/29Nu
2019-06-30,The Greatest Showman,2017,https://boxd.it/acjI
2019-06-30,Avengers: Infinity War,2018,https://boxd.it/9vEe
2019-06-30,Geostorm,2017,https://boxd.it/8lC6
2019-06-30,Cape Fear,1991,https://boxd.it/28vu
2019-06-30,Goodbye Christopher Robin,2017,https://boxd.it/eMZS
2019-06-30,Game Night,2018,https://boxd.it/fRtu
2019-06-30,Pacific Rim: Uprising,2018,https://boxd.it/83Qa
2019-06-30,Deadpool 2,2018,https://boxd.it/dlLM
2019-06-30,Léon: The Professional,1994,https://boxd.it/2b8S
2019-06-30,Trouble with the Curve,2012,https://boxd.it/37pW
2019-06-30,Jurassic Park,1993,https://boxd.it/2aA2
2019-06-30,Annihilation,2018,https://boxd.it/9yzm
2019-06-30,Mute,2018,https://boxd.it/e6nW
2019-06-30,Batman,1989,https://boxd.it/2aIU
2019-06-30,The Lost World: Jurassic Park,1997,https://boxd.it/2azS
2019-06-30,Jurassic Park III,2001,https://boxd.it/2azI
2019-06-30,Isle of Dogs,2018,https://boxd.it/dZrW
2019-06-30,The Town,2010,https://boxd.it/1zyS
2019-06-30,Shaun of the Dead,2004,https://boxd.it/29J8
2019-06-30,Incredibles 2,2018,https://boxd.it/7IPg
2019-06-30,A.I. Artificial Intelligence,2001,https://boxd.it/29Ve
2019-06-30,Ant-Man and the Wasp,2018,https://boxd.it/cqUW
2019-06-30,Cars 3,2017,https://boxd.it/7IPq
2019-06-30,Dope,2015,https://boxd.it/9Tho
2019-06-30,The Sandlot,1993,https://boxd.it/1TDy
2019-06-30,The First Purge,2018,https://boxd.it/fJfk
2019-06-30,The Untouchables,1987,https://boxd.it/2b6i
2019-06-30,Dead Poets Society,1989,https://boxd.it/2aSg
2019-06-30,American Gangster,2007,https://boxd.it/23wi
2019-06-30,"I Love You, Man",2009,https://boxd.it/1JZu
2019-06-30,Airplane!,1980,https://boxd.it/29yu
2019-06-30,Downsizing,2017,https://boxd.it/9Ajq
2019-06-30,Jurassic World: Fallen Kingdom,2018,https://boxd.it/bOnU
2019-06-30,Beirut,2018,https://boxd.it/dZyo
2019-06-30,Hot Fuzz,2007,https://boxd.it/2416
2019-06-30,Easy Rider,1969,https://boxd.it/29Ys
2019-06-30,50/50,2011,https://boxd.it/10Tw
2019-06-30,Daddy's Home,2015,https://boxd.it/8jSc
2019-06-30,Daddy's Home 2,2017,https://boxd.it/ePpI
2019-06-30,Blockers,2018,https://boxd.it/fxEW
2019-06-30,Candyman,1992,https://boxd.it/1Ys6
2019-06-30,Tag,2018,https://boxd.it/gh7Y
2019-06-30,Anchorman: The Legend of Ron Burgundy,2004,https://boxd.it/1ZVo
2019-06-30,Anchorman 2: The Legend Continues,2013,https://boxd.it/3GNk
2019-06-30,The Stanford Prison Experiment,2015,https://boxd.it/9QQK
2019-06-30,Billionaire Boys Club,2018,https://boxd.it/dqUY
2019-06-30,Stone,2010,https://boxd.it/SLu
2019-06-30,American Beauty,1999,https://boxd.it/71Y
2019-06-30,El Angel,2018,https://boxd.it/ilA0
2019-06-30,Solo: A Star Wars Story,2018,https://boxd.it/bGWs
2019-06-30,Boogie Nights,1997,https://boxd.it/23um
2019-06-30,Gerald's Game,2017,https://boxd.it/buKa
2019-06-30,The Babadook,2014,https://boxd.it/77xu
2019-06-30,El Potro: lo mejor del amor,2018,https://boxd.it/kaYE
2019-06-30,The Official Story,1985,https://boxd.it/1nS2
2019-06-30,Teen Titans Go! To the Movies,2018,https://boxd.it/h13o
2019-06-30,"Don't Worry, He Won't Get Far on Foot",2018,https://boxd.it/fLeo
2019-06-30,Sorry to Bother You,2018,https://boxd.it/f21E
2019-06-30,Blue Valentine,2010,https://boxd.it/MxG
2019-06-30,Green Room,2015,https://boxd.it/a75m
2019-06-30,Bohemian Rhapsody,2018,https://boxd.it/f1TK
2019-06-30,10 Cloverfield Lane,2016,https://boxd.it/aZiu
2019-06-30,Begin Again,2013,https://boxd.it/5Ybs
2019-06-30,"Pizza, Beer, and Cigarettes",1998,https://boxd.it/4aNu
2019-06-30,The Cloverfield Paradox,2018,https://boxd.it/doVA
2019-06-30,Death at a Funeral,2010,https://boxd.it/1dem
2019-06-30,Waterworld,1995,https://boxd.it/1XLG
2019-06-30,The Land of Steady Habits,2018,https://boxd.it/g97c
2019-06-30,Room,2015,https://boxd.it/7T0y
2019-06-30,The Captive,2014,https://boxd.it/7bNG
2019-06-30,A Most Violent Year,2014,https://boxd.it/75Va
2019-06-30,BlacKkKlansman,2018,https://boxd.it/hxL8
2019-06-30,Terminal,2018,https://boxd.it/dqSo
2019-06-30,Toc Toc,2017,https://boxd.it/fwnq
2019-06-30,Venom,2018,https://boxd.it/b8wA
2019-06-30,Perfect Strangers,2017,https://boxd.it/fru2
2019-06-30,A Star Is Born,2018,https://boxd.it/aXgc
2019-06-30,The Life Aquatic with Steve Zissou,2004,https://boxd.it/2aqw
2019-06-30,Dog Days,2018,https://boxd.it/h94E
2019-06-30,Tremors,1990,https://boxd.it/1YSe
2019-06-30,Irrational Man,2015,https://boxd.it/8JOq
2019-06-30,Toy Story,1995,https://boxd.it/29qA
2019-06-30,Toy Story 3,2010,https://boxd.it/1WRe
2019-06-30,Toy Story 2,1999,https://boxd.it/29qq
2019-06-30,Iron Man,2008,https://boxd.it/28dA
2019-06-30,X-Men: First Class,2011,https://boxd.it/FOA
2019-06-30,The Avengers,2012,https://boxd.it/1xFW
2019-06-30,X-Men,2000,https://boxd.it/1a7s
2019-06-30,Spider-Man 2,2004,https://boxd.it/2a88
2019-06-30,X2,2003,https://boxd.it/1a7i
2019-06-30,Guardians of the Galaxy,2014,https://boxd.it/3VH2
2019-06-30,Spider-Man,2002,https://boxd.it/2a8i
2019-06-30,X-Men: Days of Future Past,2014,https://boxd.it/4aRw
2019-06-30,The Incredible Hulk,2008,https://boxd.it/28dU
2019-06-30,Captain America: Civil War,2016,https://boxd.it/89Ja
2019-06-30,Captain Marvel,2019,https://boxd.it/9vSA
2019-06-30,The Amazing Spider-Man,2012,https://boxd.it/27PI
2019-06-30,Captain America: The First Avenger,2011,https://boxd.it/28b0
2019-06-30,Iron Man 3,2013,https://boxd.it/2cBQ
2019-06-30,Ant-Man,2015,https://boxd.it/3vmW
2019-06-30,Thor,2011,https://boxd.it/1WQU
2019-06-30,Avengers: Age of Ultron,2015,https://boxd.it/3qi6
2019-06-30,Captain America: The Winter Soldier,2014,https://boxd.it/3r58
2019-06-30,The Wolverine,2013,https://boxd.it/2CWU
2019-06-30,Thor: The Dark World,2013,https://boxd.it/2DqA
2019-06-30,X-Men Origins: Wolverine,2009,https://boxd.it/27ug
2019-06-30,The Amazing Spider-Man 2,2014,https://boxd.it/3utM
2019-06-30,Iron Man 2,2010,https://boxd.it/1WZM
2019-06-30,X-Men: Apocalypse,2016,https://boxd.it/7eJi
2019-06-30,Fantastic Four: Rise of the Silver Surfer,2007,https://boxd.it/27Ii
2019-06-30,X-Men: The Last Stand,2006,https://boxd.it/1a5Q
2019-06-30,Daredevil,2003,https://boxd.it/1YzG
2019-06-30,Spider-Man 3,2007,https://boxd.it/2a7Y
2019-06-30,Ghost Rider,2007,https://boxd.it/290M
2019-06-30,Fantastic Four,2005,https://boxd.it/1XVw
2019-06-30,Deadpool,2016,https://boxd.it/9fOC
2019-06-30,Big Hero 6,2014,https://boxd.it/5rje
2019-06-30,Fantastic Four,2015,https://boxd.it/5a9c
2019-06-30,Kick-Ass 2,2013,https://boxd.it/hqu
2019-06-30,Men in Black 3,2012,https://boxd.it/103U
2019-06-30,Ghost Rider: Spirit of Vengeance,2011,https://boxd.it/2qne
2019-06-30,Kick-Ass,2010,https://boxd.it/1zaQ
2019-06-30,Men in Black II,2002,https://boxd.it/2a0y
2019-06-30,Men in Black,1997,https://boxd.it/2a0I
2019-06-30,Murder Mystery,2019,https://boxd.it/iEBm
2019-06-30,Rocky,1976,https://boxd.it/28Uk
2019-06-30,Creed,2015,https://boxd.it/a2qk
2019-06-30,Rocky Balboa,2006,https://boxd.it/291q
2019-06-30,Rocky IV,1985,https://boxd.it/28T2
2019-06-30,Rocky II,1979,https://boxd.it/28Ua
2019-06-30,Rocky III,1982,https://boxd.it/28Tw
2019-06-30,Rocky V,1990,https://boxd.it/28SS
2019-06-30,The Empire Strikes Back,1980,https://boxd.it/27Vw
2019-06-30,Star Wars: The Force Awakens,2015,https://boxd.it/4vru
2019-06-30,Star Wars,1977,https://boxd.it/72s
2019-06-30,Return of the Jedi,1983,https://boxd.it/27Vm
2019-06-30,Star Wars: Episode I - The Phantom Menace,1999,https://boxd.it/27Vc
2019-06-30,Star Wars: Episode III - Revenge of the Sith,2005,https://boxd.it/27US
2019-06-30,Star Wars: Episode II - Attack of the Clones,2002,https://boxd.it/27V2
2019-06-30,Man of Steel,2013,https://boxd.it/FRk
2019-06-30,Batman v Superman: Dawn of Justice,2016,https://boxd.it/6fBW
2019-06-30,Batman Begins,2005,https://boxd.it/2aIg
2019-06-30,The Dark Knight,2008,https://boxd.it/2b0k
2019-06-30,The Dark Knight Rises,2012,https://boxd.it/H3m
2019-06-30,Green Lantern,2011,https://boxd.it/QN4
2019-06-30,Watchmen,2009,https://boxd.it/1QE4
2019-06-30,The Lego Batman Movie,2017,https://boxd.it/azp0
2019-06-30,The Lego Movie,2014,https://boxd.it/4pDO
2019-06-30,Catch Me If You Can,2002,https://boxd.it/29VS
2019-06-30,Minority Report,2002,https://boxd.it/2aWi
2019-06-30,War of the Worlds,2005,https://boxd.it/2bde
2019-06-30,The Terminal,2004,https://boxd.it/2a2O
2019-07-01,Men in Black: International,2019,https://boxd.it/hdJw
2019-07-01,The Meg,2018,https://boxd.it/bAL4
2019-07-01,Spartacus,1960,https://boxd.it/29bq
2019-07-02,About a Boy,2002,https://boxd.it/2aMC
2019-07-03,Ted,2012,https://boxd.it/2pgc
2019-07-03,The Fighter,2010,https://boxd.it/PP4
2019-07-03,Transformers: Age of Extinction,2014,https://boxd.it/3d1m
2019-07-03,The Lovely Bones,2009,https://boxd.it/20IA
2019-07-03,Pain & Gain,2013,https://boxd.it/4lp4
2019-07-03,Ted 2,2015,https://boxd.it/6oCY
2019-07-03,The Gambler,2014,https://boxd.it/8NUi
2019-07-03,The Imitation Game,2014,https://boxd.it/6aig
2019-07-03,Zoolander 2,2016,https://boxd.it/aNBE
2019-07-03,Zoolander,2001,https://boxd.it/1YMA
2019-07-05,Spider-Man: Far from Home,2019,https://boxd.it/fegG
2019-07-08,War Horse,2011,https://boxd.it/nf8
2019-07-12,Only You,1994,https://boxd.it/1ZgU
2019-07-14,Us,2019,https://boxd.it/gnV6
2019-07-15,The Secret Life of Pets 2,2019,https://boxd.it/ewPM
2019-07-15,John Wick: Chapter 3 - Parabellum,2019,https://boxd.it/gmFw
2019-07-16,Requiem for a Dream,2000,https://boxd.it/29VI
2019-07-17,U.S. Marshals,1998,https://boxd.it/1T2M
2019-07-17,21,2008,https://boxd.it/20BO
2019-07-21,Twins,1988,https://boxd.it/1YxK
2019-07-22,Hellboy,2019,https://boxd.it/gjaA
2019-07-22,Long Shot,2019,https://boxd.it/grG0
2019-07-23,"Girl, Interrupted",1999,https://boxd.it/25ds
2019-07-26,Secret in Their Eyes,2015,https://boxd.it/96zo
2019-07-26,Alita: Battle Angel,2019,https://boxd.it/e0rS
2019-08-05,Rocketman,2019,https://boxd.it/iehK
2019-08-06,Replicas,2018,https://boxd.it/9yBi
2019-08-06,Changeling,2008,https://boxd.it/25aS
2019-08-07,A Perfect Murder,1998,https://boxd.it/27Ke
2019-08-08,Coherence,2013,https://boxd.it/6xza
2019-08-09,The Red Sea Diving Resort,2019,https://boxd.it/gDWY
2019-08-11,The Son,2019,https://boxd.it/maiW
2019-08-12,Fast & Furious Presents: Hobbs & Shaw,2019,https://boxd.it/dnDA
2019-08-15,The Insider,1999,https://boxd.it/1ZoE
2019-08-15,A Hologram for the King,2016,https://boxd.it/86Jw
2019-08-16,22 Jump Street,2014,https://boxd.it/5Fvy
2019-08-16,Steve Jobs,2015,https://boxd.it/araG
2019-08-16,Sausage Party,2016,https://boxd.it/6CCe
2019-08-16,Kung Fu Panda,2008,https://boxd.it/1Yws
2019-08-16,The 40 Year Old Virgin,2005,https://boxd.it/21hK
2019-08-16,The Interview,2014,https://boxd.it/6KQ4
2019-08-16,Neighbors,2014,https://boxd.it/5Txe
2019-08-16,Shrek the Third,2007,https://boxd.it/29yY
2019-08-16,Kung Fu Panda 2,2011,https://boxd.it/G36
2019-08-16,Paul,2011,https://boxd.it/13uE
2019-08-16,Monsters vs Aliens,2009,https://boxd.it/1M50
2019-08-16,The Green Hornet,2011,https://boxd.it/10TQ
2019-08-16,Pineapple Express,2008,https://boxd.it/1WRS
2019-08-20,Schindler's List,1993,https://boxd.it/2aq2
2019-08-26,Furious 7,2015,https://boxd.it/5cVs
2019-08-26,Fast Five,2011,https://boxd.it/BgO
2019-08-26,The Fast and the Furious: Tokyo Drift,2006,https://boxd.it/1Yeo
2019-08-26,The Fate of the Furious,2017,https://boxd.it/bbCw
2019-08-26,Fast & Furious 6,2013,https://boxd.it/2UG6
2019-08-26,2 Fast 2 Furious,2003,https://boxd.it/2a4g
2019-08-26,The Fast and the Furious,2001,https://boxd.it/1XMu
2019-08-26,Fast & Furious,2009,https://boxd.it/1Pnm
2019-08-27,Funny People,2009,https://boxd.it/1CRy
2019-08-27,From Dusk Till Dawn,1996,https://boxd.it/29HQ
2019-08-28,The Dilemma,2011,https://boxd.it/RE8
2019-09-01,Once Upon a Time… in Hollywood,2019,https://boxd.it/gH0O
2019-09-02,Booksmart,2019,https://boxd.it/igNS
2019-09-07,It Chapter Two,2019,https://boxd.it/h10u
2019-09-08,The Cabin in the Woods,2011,https://boxd.it/1zOc
2019-09-09,Failure to Launch,2006,https://boxd.it/21lW
2019-09-12,Yesterday,2019,https://boxd.it/iF7M
2019-09-16,Child's Play,2019,https://boxd.it/jpX0
2019-09-19,The Great Wall,2016,https://boxd.it/a04c
2019-09-20,Dirty Dancing,1987,https://boxd.it/2baY
2019-09-20,The Losers,2010,https://boxd.it/1ddo
2019-09-21,The Notebook,2004,https://boxd.it/1UNE
2019-09-24,Justice League: The Flashpoint Paradox,2013,https://boxd.it/5yWW
2019-09-24,Justice League: War,2014,https://boxd.it/6tFo
2019-09-24,Son of Batman,2014,https://boxd.it/7mQm
2019-09-24,Justice League: Throne of Atlantis,2015,https://boxd.it/9qWs
2019-09-24,Batman vs. Robin,2015,https://boxd.it/aqNs
2019-09-24,Batman: Bad Blood,2016,https://boxd.it/cI0W
2019-09-24,Justice League Dark,2017,https://boxd.it/en7G
2019-09-25,The Girl on the Train,2016,https://boxd.it/bCJY
2019-09-26,The German Doctor,2013,https://boxd.it/5I6Q
2019-09-28,Teen Titans Go! vs. Teen Titans,2019,https://boxd.it/kndQ
2019-09-30,Point Break,1991,https://boxd.it/2958
2019-10-01,Grudge Match,2013,https://boxd.it/9w
2019-10-02,Taking Lives,2004,https://boxd.it/1UGI
2019-10-04,Joker,2019,https://boxd.it/h4cS
2019-10-05,Reign of the Supermen,2019,https://boxd.it/hyrI
2019-10-05,The Death of Superman,2018,https://boxd.it/hyjk
2019-10-05,Batman: The Killing Joke,2016,https://boxd.it/djxe
2019-10-05,Batman: Gotham by Gaslight,2018,https://boxd.it/gU7e
2019-10-05,Batman: Under the Red Hood,2010,https://boxd.it/11eE
2019-10-05,Between Two Ferns: The Movie,2019,https://boxd.it/lw9g
2019-10-09,Batman: Hush,2019,https://boxd.it/jyDI
2019-10-11,Coming to America,1988,https://boxd.it/1Ygu
2019-10-13,The Dead Don't Die,2019,https://boxd.it/juZg
2019-10-13,El Camino: A Breaking Bad Movie,2019,https://boxd.it/kv0q
2019-10-13,In the Mouth of Madness,1994,https://boxd.it/26vi
2019-10-14,Wonder Woman: Bloodlines,2019,https://boxd.it/jyDS
2019-10-14,La Maison en Petits Cubes,2008,https://boxd.it/1D06
2019-10-14,Victor Frankenstein,2015,https://boxd.it/6JqY
2019-10-14,Push,2009,https://boxd.it/1Q8W
2019-10-14,Kill Bill: The Whole Bloody Affair,2011,https://boxd.it/eCrQ
2019-10-15,Fargo,1996,https://boxd.it/2aHM
2019-10-16,Walk the Line,2005,https://boxd.it/2bdS
2019-10-25,Zombieland: Double Tap,2019,https://boxd.it/bgb6
2019-10-28,Jackie,2016,https://boxd.it/d6bu
2019-10-30,Fight Club,1999,https://boxd.it/2a9q
2019-10-30,Gone Girl,2014,https://boxd.it/6hQu
2019-10-30,Se7en,1995,https://boxd.it/29zs
2019-10-30,The Social Network,2010,https://boxd.it/17ue
2019-11-10,Suicide Squad: Hell to Pay,2018,https://boxd.it/hxrM
2019-11-11,Let It Snow,2019,https://boxd.it/9kKg
2019-11-16,Ford v Ferrari,2019,https://boxd.it/ce74
2019-11-22,99 Homes,2014,https://boxd.it/8KuG
2019-11-26,The Laundromat,2019,https://boxd.it/iLUK
2019-11-27,The King,2019,https://boxd.it/ieZs
2019-11-30,The Irishman,2019,https://boxd.it/dYOq
2019-12-14,Marriage Story,2019,https://boxd.it/hJAw
2019-12-15,XXY,2007,https://boxd.it/1Uwe
2019-12-15,6 Underground,2019,https://boxd.it/irU6
2019-12-15,Bad Boys,1995,https://boxd.it/1XVG
2019-12-24,Dolemite Is My Name,2019,https://boxd.it/je6E
2019-12-26,The Two Popes,2019,https://boxd.it/k8Xk
2019-12-26,Manchester by the Sea,2016,https://boxd.it/b2L0
2019-12-27,The Secret Life of Walter Mitty,2013,https://boxd.it/3SWy
2019-12-27,Jojo Rabbit,2019,https://boxd.it/iEBG
2019-12-27,Bad Boys II,2003,https://boxd.it/1ZuW
2019-12-30,Knives Out,2019,https://boxd.it/jWEA
2019-12-30,Tucker: The Man and His Dream,1988,https://boxd.it/1q4u
2019-12-31,Star Wars: The Rise of Skywalker,2019,https://boxd.it/5xlK
2020-01-01,Pitch Perfect,2012,https://boxd.it/3OsE
2020-01-03,Rules Don't Apply,2016,https://boxd.it/983O
2020-01-04,The Guest,2014,https://boxd.it/76RS
2020-01-04,Cobra,1986,https://boxd.it/1XDM
2020-01-06,Denial,2016,https://boxd.it/e8uK
2020-01-06,A Cure for Wellness,2016,https://boxd.it/bkQW
2020-01-08,Your Name.,2016,https://boxd.it/cUqs
2020-01-09,Buster's Mal Heart,2016,https://boxd.it/cIAg
2020-01-11,Tomb Raider,2018,https://boxd.it/bgbA
2020-01-11,Shutter Island,2010,https://boxd.it/1U82
2020-01-11,The Revenant,2015,https://boxd.it/8H5e
2020-01-11,Titanic,1997,https://boxd.it/2a2k
2020-01-11,Parasite,2019,https://boxd.it/hTha
2020-01-12,Boyhood,2014,https://boxd.it/3178
2020-01-12,Drive,2011,https://boxd.it/IG
2020-01-12,Inside Out,2015,https://boxd.it/4KHC
2020-01-12,Mad Max: Fury Road,2015,https://boxd.it/2DjO
2020-01-12,Ghostbusters,1984,https://boxd.it/g2w
2020-01-12,The Big Lebowski,1998,https://boxd.it/2b6C
2020-01-12,Inglourious Basterds,2009,https://boxd.it/1JzG
2020-01-12,Birdman or (The Unexpected Virtue of Ignorance),2014,https://boxd.it/5RFA
2020-01-12,The Grand Budapest Hotel,2014,https://boxd.it/3ZqO
2020-01-12,Silver Linings Playbook,2012,https://boxd.it/2TTo
2020-01-12,Dredd,2012,https://boxd.it/GZE
2020-01-12,Harry Potter and the Deathly Hallows: Part 2,2011,https://boxd.it/1RYk
2020-01-12,Harry Potter and the Prisoner of Azkaban,2004,https://boxd.it/29Qy
2020-01-12,21 Jump Street,2012,https://boxd.it/J0
2020-01-12,John Wick,2014,https://boxd.it/7dEc
2020-01-12,Prometheus,2012,https://boxd.it/2s9e
2020-01-13,Star Wars: The Clone Wars,2008,https://boxd.it/1Sly
2020-01-14,Midsommar,2019,https://boxd.it/jhxe
2020-01-15,I Lost My Body,2019,https://boxd.it/lAYs
2020-01-17,"Live Twice, Love Once",2019,https://boxd.it/mFiS
2020-01-17,The Heist of the Century,2020,https://boxd.it/mvuY
2020-01-17,Motherless Brooklyn,2019,https://boxd.it/ieJk
2020-01-18,Christine,2016,https://boxd.it/bhFm
2020-01-18,Anima,2019,https://boxd.it/mxuc
2020-01-19,Pain and Glory,2019,https://boxd.it/iOBQ
2020-01-19,Wild Tales,2014,https://boxd.it/7UmK
2020-01-20,Keeping Up with the Joneses,2016,https://boxd.it/aS5y
2020-01-20,7 Days in Hell,2015,https://boxd.it/8VZ6
2020-01-20,Marjorie Prime,2017,https://boxd.it/f5ow
2020-01-20,Minions,2015,https://boxd.it/6jCO
2020-01-21,Klaus,2019,https://boxd.it/ipoi
2020-01-21,Despicable Me,2010,https://boxd.it/1DD8
2020-01-21,How to Train Your Dragon: The Hidden World,2019,https://boxd.it/5a9w
2020-01-21,How to Train Your Dragon,2010,https://boxd.it/1WRy
2020-01-21,How to Train Your Dragon 2,2014,https://boxd.it/2TRW
2020-01-25,The Whole Nine Yards,2000,https://boxd.it/27vS
2020-01-26,The Tenth Man,2016,https://boxd.it/dDdS
2020-01-26,WHAT DID JACK DO?,2017,https://boxd.it/jcWe
2020-01-27,1917,2019,https://boxd.it/jj4y
2020-01-28,Terminator: Dark Fate,2019,https://boxd.it/96YI
2020-01-29,Doctor Sleep,2019,https://boxd.it/i5vI
2020-01-29,Rumor Has It...,2005,https://boxd.it/26h6
2020-01-30,Eye for an Eye,2019,https://boxd.it/l60i
2020-01-30,Cars,2006,https://boxd.it/29ho
2020-01-30,The Simpsons Movie,2007,https://boxd.it/6YU
2020-01-30,The Da Vinci Code,2006,https://boxd.it/2a3i
2020-01-30,The Money Pit,1986,https://boxd.it/1Wc6
2020-01-30,Scary Movie,2000,https://boxd.it/24CG
2020-01-30,White Chicks,2004,https://boxd.it/1SpK
2020-01-30,Scary Movie 2,2001,https://boxd.it/24Cw
2020-01-30,Little Man,2006,https://boxd.it/1ZeE
2020-01-30,A Haunted House,2013,https://boxd.it/4sOU
2020-01-30,A Haunted House 2,2014,https://boxd.it/5B5Q
2020-01-30,Fifty Shades of Black,2016,https://boxd.it/bPvg
2020-01-30,Norbit,2007,https://boxd.it/1XSM
2020-01-30,Marmaduke,2010,https://boxd.it/15GW
2020-01-31,The Night My Mother Killed My Father,2016,https://boxd.it/cJG0
2020-01-31,Training Day,2001,https://boxd.it/27A4
2020-01-31,Southpaw,2015,https://boxd.it/9Phu
2020-02-04,Uncut Gems,2019,https://boxd.it/gXGc
2020-02-05,Little Women,2019,https://boxd.it/aSVk
2020-02-10,Birds of Prey (and the Fantabulous Emancipation of One Harley Quinn),2020,https://boxd.it/hSyO
2020-02-11,Deepwater Horizon,2016,https://boxd.it/9oiU
2020-02-12,Close Encounters of the Third Kind,1977,https://boxd.it/29u8
2020-02-13,The Host,2006,https://boxd.it/28ZY
2020-02-13,CJ7,2008,https://boxd.it/1PCG
2020-02-14,My Neighbor Totoro,1988,https://boxd.it/20eA
2020-02-17,I Am Legend,2007,https://boxd.it/21DG
2020-02-17,Lady Bird,2017,https://boxd.it/dGNE
2020-02-17,Jurassic World,2015,https://boxd.it/4n0g
2020-02-17,Psycho,1960,https://boxd.it/2ab2
2020-02-19,Ray,2004,https://boxd.it/28km
2020-02-20,Porn for Newbies,2018,https://boxd.it/mTJy
2020-02-21,Gladiator,2000,https://boxd.it/2b9m
2020-02-25,The Girl with the Dragon Tattoo,2011,https://boxd.it/2Pa
2020-02-25,The Curious Case of Benjamin Button,2008,https://boxd.it/23Fk
2020-02-26,Superman: Red Son,2020,https://boxd.it/mSas
2020-02-27,Notting Hill,1999,https://boxd.it/2aeK
2020-02-28,Climax,2018,https://boxd.it/ikvo
2020-03-02,Pokemon the Movie: Mewtwo Strikes Back - Evolution,2019,https://boxd.it/kZu6
2020-03-02,Jumanji: The Next Level,2019,https://boxd.it/ixu4
2020-03-02,Team Thor,2016,https://boxd.it/eznm
2020-03-02,Color Out of Space,2019,https://boxd.it/k1HY
2020-03-03,Spirited Away,2001,https://boxd.it/2b4m
2020-03-03,Constantine,2005,https://boxd.it/2a7E
2020-03-04,Baby Driver,2017,https://boxd.it/bhF2
2020-03-06,The Girl Who Leapt Through Time,2006,https://boxd.it/1OPa
2020-03-08,Akira,1988,https://boxd.it/2b1i
2020-03-09,Jarhead,2005,https://boxd.it/70m
2020-03-09,Sonic the Hedgehog,2020,https://boxd.it/gdK8
2020-03-10,Dolittle,2020,https://boxd.it/fXEy
2020-03-10,The Man from U.N.C.L.E.,2015,https://boxd.it/67lG
2020-03-11,Princess Mononoke,1997,https://boxd.it/2b4w
2020-03-12,Happy as Lazzaro,2018,https://boxd.it/hiVs
2020-03-12,The Lion King,1994,https://boxd.it/201Q
2020-03-14,Castle in the Sky,1986,https://boxd.it/1W4G
2020-03-17,Cell,2016,https://boxd.it/5cGC
2020-03-18,The Book of Henry,2017,https://boxd.it/dka6
2020-03-19,Frida,2002,https://boxd.it/28Vi
2020-03-19,Dawn of the Dead,2004,https://boxd.it/29gK
2020-03-19,Dumb and Dumber,1994,https://boxd.it/206m
2020-03-20,Retribution,2015,https://boxd.it/bNM0
2020-03-21,Train to Busan,2016,https://boxd.it/dSQU
2020-03-23,The Platform,2019,https://boxd.it/mUm6
2020-03-25,Wild Tango,1993,https://boxd.it/2wBQ
2020-03-25,3:10 to Yuma,2007,https://boxd.it/23g0
2020-03-27,The Shack,2017,https://boxd.it/bAKK
2020-03-28,The Game,1997,https://boxd.it/26vC
2020-03-30,Crossroads,1986,https://boxd.it/1Mk0
2020-03-30,The Karate Kid,1984,https://boxd.it/27Wk
2020-03-30,The Karate Kid Part II,1986,https://boxd.it/1ZJM
2020-03-30,The Karate Kid Part III,1989,https://boxd.it/1W7q
2020-03-30,Bad Boys for Life,2020,https://boxd.it/15pc
2020-04-02,The Occupant,2020,https://boxd.it/p9si
2020-04-02,The Way Back,2020,https://boxd.it/jfoO
2020-04-03,The Whole Truth,2016,https://boxd.it/aSwk
2020-04-05,Contagion,2011,https://boxd.it/13rq
2020-04-09,Superman,1978,https://boxd.it/27Qm
2020-04-09,Under the Skin,2013,https://boxd.it/3mDa
2020-04-11,Natural Born Killers,1994,https://boxd.it/2aNg
2020-04-11,Seven Psychopaths,2012,https://boxd.it/34PW
2020-04-11,I Origins,2014,https://boxd.it/7aRM
2020-04-15,Hunt for the Wilderpeople,2016,https://boxd.it/cTgG
2020-04-15,Team Thor: Part 2,2017,https://boxd.it/fIbc
2020-04-15,mid90s,2018,https://boxd.it/fxIa
2020-04-15,Click,2006,https://boxd.it/1YVM
2020-04-15,Megamind,2010,https://boxd.it/16Sk
2020-04-15,Night at the Museum: Battle of the Smithsonian,2009,https://boxd.it/1H7U
2020-04-15,The Watch,2012,https://boxd.it/2MZk
2020-04-15,Accepted,2006,https://boxd.it/1XO6
2020-04-15,Superbad,2007,https://boxd.it/20hO
2020-04-15,Miracle in Cell No. 7,2019,https://boxd.it/nFrM
2020-04-17,Code 8,2019,https://boxd.it/gu9o
2020-04-18,Amores Perros,2000,https://boxd.it/2bfu
2020-04-19,Unfriended: Dark Web,2018,https://boxd.it/ifs0
2020-04-20,Fantastic Mr. Fox,2009,https://boxd.it/1WyQ
2020-04-20,Come Together,2016,https://boxd.it/wVA4
2020-04-20,Dirt,2018,https://boxd.it/hhrc
2020-04-21,Almost Famous,2000,https://boxd.it/29CQ
2020-04-21,The Incredibles,2004,https://boxd.it/1XLm
2020-04-21,Monster House,2006,https://boxd.it/1Z2e
2020-04-23,Superman Returns,2006,https://boxd.it/28J2
2020-04-24,Chef,2014,https://boxd.it/6lCG
2020-04-24,Zathura: A Space Adventure,2005,https://boxd.it/21mq
2020-04-24,Cowboys & Aliens,2011,https://boxd.it/F2G
2020-04-29,Ultras,2020,https://boxd.it/oSBi
2020-04-29,Chuck,2016,https://boxd.it/cY2u
2020-04-30,American Made,2017,https://boxd.it/bb66
2020-04-30,The Current War,2017,https://boxd.it/eNvO
2020-05-01,Beetlejuice,1988,https://boxd.it/24QI
2020-05-01,A Quiet Place,2018,https://boxd.it/fVJQ
2020-05-04,Extraction,2020,https://boxd.it/jUjA
2020-05-06,Heroic Losers,2019,https://boxd.it/lXFS
2020-05-06,Justice League Dark: Apokolips War,2020,https://boxd.it/mSeO
2020-05-06,The Bling Ring,2013,https://boxd.it/3lPY
2020-05-06,Wreck-It Ralph,2012,https://boxd.it/2TTS
2020-05-06,Madagascar,2005,https://boxd.it/29dc
2020-05-06,Madagascar: Escape 2 Africa,2008,https://boxd.it/1W2K
2020-05-06,Madagascar 3: Europe's Most Wanted,2012,https://boxd.it/2NF6
2020-05-11,Waiting for the Hearse,1985,https://boxd.it/1PIa
2020-05-14,The King of Comedy,1982,https://boxd.it/2aJS
2020-05-14,Shark Tale,2004,https://boxd.it/1VYe
2020-05-16,Now You See Me,2013,https://boxd.it/2Bsu
2020-05-17,Interview with the Vampire,1994,https://boxd.it/29XO
2020-05-17,Detroit Rock City,1999,https://boxd.it/1XPe
2020-05-18,Suspiria,2018,https://boxd.it/cioI
2020-05-19,Meet Joe Black,1998,https://boxd.it/2aEI
2020-05-19,The Quick and the Dead,1995,https://boxd.it/1Sx0
2020-05-20,Clandestine Childhood,2012,https://boxd.it/4buI
2020-05-21,Have a Good Trip: Adventures in Psychedelics,2020,https://boxd.it/p4KQ
2020-05-21,Frances Ha,2012,https://boxd.it/41Xg
2020-05-22,The Gentlemen,2019,https://boxd.it/iYBQ
2020-05-22,Red Nose Day Actually,2017,https://boxd.it/fV2M
2020-05-25,Mom and Dad,2017,https://boxd.it/e6BO
2020-05-26,Lost in Translation,2003,https://boxd.it/2b0E
2020-05-30,Nine Queens,2000,https://boxd.it/1HBA
2020-05-30,The Aura,2005,https://boxd.it/1PHQ
2020-05-30,Lion's Heart,2013,https://boxd.it/6BDK
2020-06-08,Onward,2020,https://boxd.it/io92
2020-06-08,Killing Them Softly,2012,https://boxd.it/IQ
2020-06-08,Brothers,2009,https://boxd.it/20WW
2020-06-09,Duel,1971,https://boxd.it/29ui
2020-06-09,Home on the Range,2004,https://boxd.it/1PB4
2020-06-15,The Sugarland Express,1974,https://boxd.it/23la
2020-06-15,I Am Mother,2019,https://boxd.it/ihNE
2020-06-20,The Wrestler,2008,https://boxd.it/1So8
2020-06-29,Ex Machina,2014,https://boxd.it/7T2k
2020-07-01,Super,2010,https://boxd.it/QgO
2020-07-01,Movie 43,2013,https://boxd.it/37qK
2020-07-01,Scooby-Doo,2002,https://boxd.it/1YaQ
2020-07-01,Scooby-Doo 2: Monsters Unleashed,2004,https://boxd.it/1UPA
2020-07-02,The Hero,2017,https://boxd.it/f4rE
2020-07-02,"Literally, Right Before Aaron",2017,https://boxd.it/g3om
2020-07-02,Despicable Me 2,2013,https://boxd.it/3gg0
2020-07-02,Battle of the Sexes,2017,https://boxd.it/cNxw
2020-07-02,Foxcatcher,2014,https://boxd.it/35Di
2020-07-02,Despicable Me 3,2017,https://boxd.it/azpu
2020-07-02,Over the Hedge,2006,https://boxd.it/20QY
2020-07-02,Horton Hears a Who!,2008,https://boxd.it/1SfA
2020-07-02,Minions: Training Wheels,2013,https://boxd.it/6LuS
2020-07-03,The Trust,2016,https://boxd.it/9AX6
2020-07-04,The F**k-It List,2020,https://boxd.it/m3uc
2020-07-04,Kangaroo Jack,2003,https://boxd.it/1VMM
2020-07-05,Knocked Up,2007,https://boxd.it/23yS
2020-07-05,The Landlord,2007,https://boxd.it/TZi
2020-07-05,Eurovision Song Contest: The Story of Fire Saga,2020,https://boxd.it/jkMG
2020-07-05,Army of One,2016,https://boxd.it/b9kA
2020-07-06,The Vast of Night,2019,https://boxd.it/kJyc
2020-07-07,Blades of Glory,2007,https://boxd.it/1Xrm
2020-07-08,Twin Murders: The Silence of the White City,2019,https://boxd.it/jNHq
2020-07-11,"Wake Up, Ron Burgundy: The Lost Movie",2004,https://boxd.it/1XpU
2020-07-12,Palm Springs,2020,https://boxd.it/lCXQ
2020-07-12,Kung Fury,2015,https://boxd.it/7mSM
2020-07-12,That's My Boy,2012,https://boxd.it/35IW
2020-07-12,Grown Ups 2,2013,https://boxd.it/3GAq
2020-07-12,Cloudy with a Chance of Meatballs,2009,https://boxd.it/1A40
2020-07-13,Beautiful Boy,2018,https://boxd.it/g76Q
2020-07-13,Due Date,2010,https://boxd.it/YFs
2020-07-16,Music and Lyrics,2007,https://boxd.it/1Usw
2020-07-16,Finding Nemo,2003,https://boxd.it/72i
2020-07-16,Ratatouille,2007,https://boxd.it/27ww
2020-07-16,Night at the Museum,2006,https://boxd.it/28wi
2020-07-16,At the End of the Tunnel,2016,https://boxd.it/dN92
2020-07-16,Dallas Buyers Club,2013,https://boxd.it/4O8G
2020-07-17,10 Days Without Mom,2017,https://boxd.it/gK4u
2020-07-17,No Kids,2015,https://boxd.it/boXC
2020-07-20,The Old Guard,2020,https://boxd.it/jY2e
2020-07-20,Top Gun,1986,https://boxd.it/29JC
2020-07-20,National Security,2003,https://boxd.it/1UGS
2020-07-21,Scent of a Woman,1992,https://boxd.it/1YAu
2020-07-22,I'm No Longer Here,2019,https://boxd.it/lqSu
2020-07-22,The Time Traveler's Wife,2009,https://boxd.it/1xH4
2020-07-22,Ali,2001,https://boxd.it/205e
2020-07-23,A Perfect Day,2015,https://boxd.it/ard6
2020-07-24,Billy Elliot,2000,https://boxd.it/2bdy
2020-07-24,Me Before You,2016,https://boxd.it/9n98
2020-07-24,Harry Potter and the Philosopher's Stone,2001,https://boxd.it/29QS
2020-07-24,Harry Potter and the Chamber of Secrets,2002,https://boxd.it/29QI
2020-07-24,Harry Potter and the Goblet of Fire,2005,https://boxd.it/29Qo
2020-07-24,Harry Potter and the Deathly Hallows: Part 1,2010,https://boxd.it/1RYu
2020-07-24,Harry Potter and the Order of the Phoenix,2007,https://boxd.it/29Qe
2020-07-24,Harry Potter and the Half-Blood Prince,2009,https://boxd.it/29FU
2020-07-24,Nine Lives,2016,https://boxd.it/asya
2020-07-24,Lucy,2014,https://boxd.it/75hu
2020-07-24,RV,2006,https://boxd.it/1YrW
2020-07-24,The Adventures of Sharkboy and Lavagirl,2005,https://boxd.it/1Ozm
2020-07-25,The Snowman,2017,https://boxd.it/cVcc
2020-07-27,American Assassin,2017,https://boxd.it/eFLE
2020-07-27,Up in the Air,2009,https://boxd.it/1zPY
2020-07-27,Wild Wild West,1999,https://boxd.it/205y
2020-07-27,Atlantis: The Lost Empire,2001,https://boxd.it/1Vck
2020-07-28,Enemy,2013,https://boxd.it/5xtO
2020-07-30,A Ghost Story,2017,https://boxd.it/fb0K
2020-08-03,The Skin I Live In,2011,https://boxd.it/99A
2020-08-03,Family United,2013,https://boxd.it/6qo0
2020-08-05,1941,1979,https://boxd.it/1TF0
2020-08-06,Raiders of the Lost Ark,1981,https://boxd.it/2bbs
2020-08-08,Wonder,2017,https://boxd.it/ekeY
2020-08-08,Batman & Robin,1997,https://boxd.it/2ar0
2020-08-10,E.T. the Extra-Terrestrial,1982,https://boxd.it/2a1G
2020-08-10,The League of Extraordinary Gentlemen,2003,https://boxd.it/1ZVy
2020-08-10,Digimon Adventure,1999,https://boxd.it/3nmE
2020-08-10,Digimon Adventure: Our War Game,2000,https://boxd.it/2xfm
2020-08-11,Love & Other Drugs,2010,https://boxd.it/UIi
2020-08-11,Short Term 12,2013,https://boxd.it/5f6s
2020-08-13,Snow White and the Huntsman,2012,https://boxd.it/k1M
2020-08-14,Saturday Night Fever,1977,https://boxd.it/1URQ
2020-08-16,Moana,2016,https://boxd.it/8tfY
2020-08-16,Goal!,2005,https://boxd.it/1XRY
2020-08-16,Goal! II: Living the Dream,2007,https://boxd.it/1XKe
2020-08-16,Goal! III : Taking On The World,2009,https://boxd.it/1FCw
2020-08-17,Blindspotting,2018,https://boxd.it/hDMw
2020-08-18,Project Power,2020,https://boxd.it/ml8S
2020-08-19,The Chronicles of Narnia: The Voyage of the Dawn Treader,2010,https://boxd.it/1WZs
2020-08-19,"The Chronicles of Narnia: The Lion, the Witch and the Wardrobe",2005,https://boxd.it/2ark
2020-08-19,The Chronicles of Narnia: Prince Caspian,2008,https://boxd.it/26Hy
2020-08-19,Shrek,2001,https://boxd.it/29zi
2020-08-19,Shrek 2,2004,https://boxd.it/29z8
2020-08-24,Heat,1995,https://boxd.it/2bg8
2020-08-25,Time Trap,2017,https://boxd.it/ggMw
2020-08-25,God's Not Dead,2014,https://boxd.it/7jAg
2020-08-26,Million Dollar Baby,2004,https://boxd.it/2bdI
2020-08-26,Knock Knock,2015,https://boxd.it/7Q9s
2020-08-31,Cop Land,1997,https://boxd.it/27ly
2020-09-07,Slither,2006,https://boxd.it/1Zks
2020-09-09,Cujo,1983,https://boxd.it/1W8o
2020-09-09,Identity,2003,https://boxd.it/26e2
2020-09-09,2012,2009,https://boxd.it/1OE2
2020-09-09,Monsters University,2013,https://boxd.it/bQm
2020-09-12,San Andreas,2015,https://boxd.it/7sUa
2020-09-14,#Alive,2020,https://boxd.it/mJl2
2020-09-14,The Post,2017,https://boxd.it/fTeG
2020-09-19,The Babysitter,2017,https://boxd.it/eP1w
2020-09-20,Timecrimes,2007,https://boxd.it/1OGM
2020-09-21,The Devil All the Time,2020,https://boxd.it/i2tY
2020-09-21,The Invisible Man,2020,https://boxd.it/kWlA
2020-09-26,Stand by Me,1986,https://boxd.it/2aOe
2020-09-27,Herbie Fully Loaded,2005,https://boxd.it/1TP0
2020-09-27,Robots,2005,https://boxd.it/1Xve
2020-09-27,Kate & Leopold,2001,https://boxd.it/1Uj0
2020-09-27,Boca,2015,https://boxd.it/dmVe
2020-09-28,"As Above, So Below",2014,https://boxd.it/7yui
2020-10-02,Heavy,1995,https://boxd.it/1AhS
2020-10-03,Father Figures,2017,https://boxd.it/bYFE
2020-10-04,"Synecdoche, New York",2008,https://boxd.it/23zw
2020-10-04,Fantastic Beasts and Where to Find Them,2016,https://boxd.it/7FPC
2020-10-05,The Evil Dead,1981,https://boxd.it/29Go
2020-10-06,Shimmer Lake,2017,https://boxd.it/gm1c
2020-10-08,The Crimes That Bind,2020,https://boxd.it/nrXk
2020-10-08,"You, Me and Dupree",2006,https://boxd.it/285m
2020-10-09,Freaks – You're One of Us,2020,https://boxd.it/ovM8
2020-10-09,Runner Runner,2013,https://boxd.it/4E5s
2020-10-09,The Son of No One,2011,https://boxd.it/2AJa
2020-10-10,Spooks: The Greater Good,2015,https://boxd.it/9a3Q
2020-10-10,Mamma Mia! Here We Go Again,2018,https://boxd.it/gnfO
2020-10-10,Enola Holmes,2020,https://boxd.it/hX2o
2020-10-11,Gremlins,1984,https://boxd.it/29gg
2020-10-13,Abraham Lincoln: Vampire Hunter,2012,https://boxd.it/2oG4
2020-10-18,Cube,1997,https://boxd.it/2aoU
2020-10-19,The Last Airbender,2010,https://boxd.it/1WQK
2020-10-25,The Trial of the Chicago 7,2020,https://boxd.it/kn3w
2020-10-26,The Impossible,2012,https://boxd.it/2N9k
2020-10-26,The Orphanage,2007,https://boxd.it/2bfE
2020-10-31,Bolt,2008,https://boxd.it/1QXg
2020-10-31,Grease,1978,https://boxd.it/29YW
2020-11-01,Tropic Thunder,2008,https://boxd.it/20WM
2020-11-01,The Cable Guy,1996,https://boxd.it/1XAI
2020-11-02,Un Chien Andalou,1929,https://boxd.it/29Y8
2020-11-02,City of God,2002,https://boxd.it/2a2a
2020-11-04,Spy Kids 3-D: Game Over,2003,https://boxd.it/1S7w
2020-11-07,Nowhere Boy,2009,https://boxd.it/1flk
2020-11-07,The New Mutants,2020,https://boxd.it/bjle
2020-11-07,XOXO,2016,https://boxd.it/bRxo
2020-11-08,Space Jam,1996,https://boxd.it/26YO
2020-11-09,Citizen Kane,1941,https://boxd.it/71O
2020-11-20,Action Point,2018,https://boxd.it/gcyg
2020-11-22,Bright,2017,https://boxd.it/e1H8
2020-11-22,Escape Plan,2013,https://boxd.it/3DX2
2020-11-22,The Master,2012,https://boxd.it/2cBG
2020-11-23,Under the Silver Lake,2018,https://boxd.it/dSAs
2020-11-24,History of the Occult,2020,https://boxd.it/o7Ho
2020-12-03,Anomalisa,2015,https://boxd.it/97TE
2020-12-07,Guava Island,2019,https://boxd.it/jOF6
2020-12-07,Black Mirror: Black Museum,2017,https://boxd.it/hRqu
2020-12-08,Freaky,2020,https://boxd.it/ka42
2020-12-09,Black Mirror: White Bear,2013,https://boxd.it/hRpG
2020-12-09,Black Mirror: White Christmas,2014,https://boxd.it/B3qu
2020-12-09,Black Mirror: Bandersnatch,2018,https://boxd.it/kTDG
2020-12-09,Black Mirror: San Junipero,2016,https://boxd.it/k4aS
2020-12-09,Black Mirror: USS Callister,2017,https://boxd.it/hQXi
2020-12-09,Black Mirror: Hang the DJ,2017,https://boxd.it/hQYA
2020-12-09,Black Mirror: Striking Vipers,2019,https://boxd.it/mlse
2020-12-09,"Black Mirror: Rachel, Jack and Ashley Too",2019,https://boxd.it/mltQ
2020-12-09,Black Mirror: Nosedive,2016,https://boxd.it/hK9G
2020-12-09,Black Mirror: Fifteen Million Merits,2011,https://boxd.it/hQYU
2020-12-09,Black Mirror: Arkangel,2017,https://boxd.it/hQXW
2020-12-09,Black Mirror: Smithereens,2019,https://boxd.it/mltc
2020-12-09,Black Mirror: Be Right Back,2013,https://boxd.it/hRpw
2020-12-09,Black Mirror: Crocodile,2017,https://boxd.it/hRoS
2020-12-09,Black Mirror: Metalhead,2017,https://boxd.it/hRqk
2020-12-09,Black Mirror: Hated in the Nation,2016,https://boxd.it/hSBI
2020-12-09,Mank,2020,https://boxd.it/mIuC
2020-12-11,I'm Thinking of Ending Things,2020,https://boxd.it/i4IQ
2020-12-14,Tenet,2020,https://boxd.it/leq4
2020-12-19,Palermo Hollywood,2004,https://boxd.it/BNI
2020-12-26,Wonder Woman 1984,2020,https://boxd.it/gBtA
2020-12-26,We Can Be Heroes,2020,https://boxd.it/mLc2
2020-12-27,Corpse Bride,2005,https://boxd.it/24WQ
2020-12-28,Sound of Metal,2019,https://boxd.it/i7Q4
2020-12-29,Soul,2020,https://boxd.it/ioLA
2020-12-29,Up,2009,https://boxd.it/1OEc
2020-12-29,"Monsters, Inc.",2001,https://boxd.it/2a46
2020-12-30,21 Bridges,2019,https://boxd.it/juea
2020-12-31,Super Dark Times,2017,https://boxd.it/dTle
2020-12-31,The Hunt,2020,https://boxd.it/iE9i
2021-01-02,Spenser Confidential,2020,https://boxd.it/log4
2021-01-04,On the Rocks,2020,https://boxd.it/l8aY
2021-01-04,Dragon: The Bruce Lee Story,1993,https://boxd.it/1WiI
2021-01-04,Sicario,2015,https://boxd.it/8i7u
2021-01-05,See You Yesterday,2019,https://boxd.it/lqnm
2021-01-05,State of Play,2009,https://boxd.it/1JnA
2021-01-06,In the Heart of the Sea,2015,https://boxd.it/6avY
2021-01-07,Savages,2012,https://boxd.it/2Tl2
2021-01-08,Another Round,2020,https://boxd.it/lkba
2021-01-09,Boyz n the Hood,1991,https://boxd.it/29Ug
2021-01-09,Love and Monsters,2020,https://boxd.it/lJ6E
2021-01-11,Hustlers,2019,https://boxd.it/jIBM
2021-01-13,Hunting Season,2017,https://boxd.it/g1HQ
2021-01-15,The Florida Project,2017,https://boxd.it/dMG0
2021-01-18,Ghost in the Shell,1995,https://boxd.it/1YYc
2021-01-20,The Mummy,2017,https://boxd.it/8HnW
2021-01-21,World War Z,2013,https://boxd.it/2p2E
2021-01-21,Upgrade,2018,https://boxd.it/i4gW
2021-01-21,Need for Speed,2014,https://boxd.it/4p90
2021-01-24,8 Mile,2002,https://boxd.it/2bew
2021-01-24,L.A. Confidential,1997,https://boxd.it/27oC
2021-01-25,Moneyball,2011,https://boxd.it/glS
2021-01-26,Trance,2013,https://boxd.it/2cAS
2021-01-28,Ghostbusters II,1989,https://boxd.it/261s
2021-01-28,No Strings Attached,2011,https://boxd.it/YUs
2021-01-28,Tully,2018,https://boxd.it/e4kc
2021-01-30,Enter the Void,2009,https://boxd.it/1dy2
2021-01-31,Dark Waters,2019,https://boxd.it/kaYu
2021-02-01,Good Bye Lenin!,2003,https://boxd.it/2ayA
2021-02-02,The Accused,2018,https://boxd.it/iPiU
2021-02-03,One Night in Miami...,2020,https://boxd.it/oCUo
2021-02-03,Furtive,2019,https://boxd.it/oF3i
2021-02-03,Tomorrowland,2015,https://boxd.it/4YaC
2021-02-03,The Internship,2013,https://boxd.it/3SWS
2021-02-04,Draft Day,2014,https://boxd.it/61XO
2021-02-04,The Clan,2015,https://boxd.it/bQmO
2021-02-05,The Summit,2017,https://boxd.it/fEvM
2021-02-09,"Puerta de Hierro, el exilio de Perón",2013,https://boxd.it/6BCi
2021-02-09,Knight and Day,2010,https://boxd.it/17po
2021-02-10,Public Enemies,2009,https://boxd.it/1U8m
2021-02-10,Blade,1998,https://boxd.it/1a8A
2021-02-15,Willy's Wonderland,2021,https://boxd.it/nTcG
2021-02-17,9,2009,https://boxd.it/1Scm
2021-02-18,Night of the Pencils,1986,https://boxd.it/se0
2021-02-19,The King of Staten Island,2020,https://boxd.it/litG
2021-02-24,News of the World,2020,https://boxd.it/lm7a
2021-02-24,Godzilla,2014,https://boxd.it/47OE
2021-02-24,Godzilla: King of the Monsters,2019,https://boxd.it/cY7Y
2021-02-24,Step Up Revolution,2012,https://boxd.it/31yo
2021-02-25,The Family Fang,2015,https://boxd.it/97Ta
2021-02-25,Rojo,2018,https://boxd.it/jFtq
2021-02-26,White Elephant,2012,https://boxd.it/3IeG
2021-02-26,Days of Vinyl,2012,https://boxd.it/6rZ2
2021-02-27,Tumbledown,2015,https://boxd.it/6dMy
2021-02-27,The Football Boys,2015,https://boxd.it/nfna
2021-02-28,Un crack,2020,https://boxd.it/qh9q
2021-03-02,Apocalypse Now,1979,https://boxd.it/6ZS
2021-03-04,Call Me by Your Name,2017,https://boxd.it/dYmm
2021-03-05,Get Smart,2008,https://boxd.it/1Tig
2021-03-05,The Perks of Being a Wallflower,2012,https://boxd.it/2ZA8
2021-03-05,That Awkward Moment,2014,https://boxd.it/6Ftu
2021-03-05,Perfect Blue,1997,https://boxd.it/1W7A
2021-03-06,La Ciénaga,2001,https://boxd.it/kpk
2021-03-06,Aladdin,2019,https://boxd.it/eSjy
2021-03-08,Coming 2 America,2021,https://boxd.it/hrdu
2021-03-09,WandaVision,2021,https://boxd.it/sbGW
2021-03-09,Malcolm X,1992,https://boxd.it/27WE
2021-03-10,Everybody Knows,2018,https://boxd.it/e6AG
2021-03-10,Casi leyendas,2017,https://boxd.it/fMDE
2021-03-15,The Bottom of the Sea,2003,https://boxd.it/7aKc
2021-03-17,Panic Room,2002,https://boxd.it/2490
2021-03-19,Zack Snyder's Justice League,2021,https://boxd.it/tLOk
2021-03-21,The 15:17 to Paris,2018,https://boxd.it/gatS
2021-03-22,Professor Marston and the Wonder Women,2017,https://boxd.it/eRPS
2021-03-25,Never Look Away,2018,https://boxd.it/eZns
2021-03-26,Godzilla vs. Kong,2021,https://boxd.it/e0qK
2021-03-28,Who Am I,2014,https://boxd.it/8ND2
2021-04-01,The Departed,2006,https://boxd.it/28MA
2021-04-05,Waiting...,2005,https://boxd.it/20Pw
2021-04-05,47 Ronin,2013,https://boxd.it/Jk
2021-04-08,Sky High,2020,https://boxd.it/odRu
2021-04-09,The Night Clerk,2020,https://boxd.it/j6IA
2021-04-09,Nobody Knows I'm Here,2020,https://boxd.it/q6k8
2021-04-10,Peninsula,2020,https://boxd.it/lnrU
2021-04-10,"20,000 Kisses",2013,https://boxd.it/7gom
2021-04-11,The Report,2019,https://boxd.it/j2X2
2021-04-12,The Mole Agent,2020,https://boxd.it/oiRO
2021-04-16,Juno,2007,https://boxd.it/210a
2021-04-17,Time Freak,2018,https://boxd.it/g77a
2021-04-17,Unfriended,2014,https://boxd.it/8sXg
2021-04-18,Rudo & Cursi,2008,https://boxd.it/23Q8
2021-04-18,Two Distant Strangers,2020,https://boxd.it/tBu0
2021-04-19,Blade II,2002,https://boxd.it/1agO
2021-04-21,Empire Records,1995,https://boxd.it/1PY8
2021-04-25,I See You,2019,https://boxd.it/j2CS
2021-04-26,40 Days and 40 Nights,2002,https://boxd.it/26no
2021-04-26,Mortal Kombat,2021,https://boxd.it/gswA
2021-04-26,The Falcon and the Winter Soldier,2021,https://boxd.it/sbH6
2021-04-28,Radioactive,2019,https://boxd.it/hhpU
2021-05-02,Fuga,2006,https://boxd.it/19hQ
2021-05-08,Inside Llewyn Davis,2013,https://boxd.it/34Ro
2021-05-09,The To Do List,2013,https://boxd.it/4dAo
2021-05-10,Memories of Murder,2003,https://boxd.it/1TSo
2021-05-13,Leonera,2008,https://boxd.it/1ZDk
2021-05-23,Army of the Dead,2021,https://boxd.it/ic7S
2021-05-24,"It's Not You, It's Me",2004,https://boxd.it/2VjM
2021-05-24,Trumbo,2015,https://boxd.it/9gG0
2021-05-24,While We're Young,2014,https://boxd.it/7oOs
2021-05-24,Brightburn,2019,https://boxd.it/jk58
2021-05-25,Biutiful,2010,https://boxd.it/OiI
2021-05-26,Tony Manero,2008,https://boxd.it/1eSs
2021-05-29,Baggio: The Divine Ponytail,2021,https://boxd.it/pWtE
2021-05-31,The Mitchells vs. The Machines,2021,https://boxd.it/i7xm
2021-06-01,Life,2015,https://boxd.it/9wym
2021-06-02,Neruda,2016,https://boxd.it/bOAO
2021-06-02,Tokyo Godfathers,2003,https://boxd.it/1Qg2
2021-06-03,Sleepers,1996,https://boxd.it/29xw
2021-06-08,Rush,2013,https://boxd.it/3lyS
2021-06-08,To Fool a Thief,2013,https://boxd.it/6W4c
2021-06-14,To Rome with Love,2012,https://boxd.it/2REG
2021-06-14,How Most Things Work,2015,https://boxd.it/d13q
2021-06-20,Sherlock Holmes,2009,https://boxd.it/1W2A
2021-06-21,Luca,2021,https://boxd.it/ipjC
2021-06-22,This Is the End,2013,https://boxd.it/3GB4
2021-06-23,Gran Torino,2008,https://boxd.it/1Qzy
2021-06-29,Crazy Rich Asians,2018,https://boxd.it/gfnK
2021-07-02,"Batman: The Long Halloween, Part One",2021,https://boxd.it/rCIe
2021-07-05,Mortal Engines,2018,https://boxd.it/fahg
2021-07-08,Justice League vs. Teen Titans,2016,https://boxd.it/dc8w
2021-07-08,Teen Titans: The Judas Contract,2017,https://boxd.it/eo2s
2021-07-08,The Mule,2018,https://boxd.it/idcY
2021-07-09,Black Widow,2021,https://boxd.it/hWV8
2021-07-13,The Devil's Advocate,1997,https://boxd.it/286k
2021-07-14,Street Kings,2008,https://boxd.it/28Yw
2021-07-15,Loki,2021,https://boxd.it/sbHg
2021-07-15,"The Simpsons: The Good, the Bart, and the Loki",2021,https://boxd.it/vUPq
2021-07-15,The Warriors,1979,https://boxd.it/1TLC
2021-07-15,Perdida,2018,https://boxd.it/iAba
2021-07-17,Space Jam: A New Legacy,2021,https://boxd.it/dd9A
2021-07-19,Hitman's Wife's Bodyguard,2021,https://boxd.it/iZdq
2021-07-19,Digimon Adventure: Last Evolution Kizuna,2020,https://boxd.it/kXYS
2021-07-21,No,2012,https://boxd.it/3Ie2
2021-07-23,The Rocketeer,1991,https://boxd.it/1WIG
2021-07-27,Digimon: The Movie,2000,https://boxd.it/1DrQ
2021-07-27,Digimon Adventure 02 - Hurricane Touchdown! The Golden Digimentals,2000,https://boxd.it/3obs
2021-07-27,Digimon Adventure 02: Diablomon Strikes Back,2001,https://boxd.it/1b6q
2021-07-27,Digimon Adventure tri. Part 1: Reunion,2015,https://boxd.it/c6jw
2021-07-27,Digimon Adventure tri. Part 2: Determination,2016,https://boxd.it/cW86
2021-07-27,The Club,2015,https://boxd.it/amQC
2021-07-27,First Reformed,2017,https://boxd.it/go9C
2021-07-28,Digimon Tamers: Battle of Adventurers,2001,https://boxd.it/1b6A
2021-07-31,F9,2021,https://boxd.it/dqsU
2021-07-31,The Tomorrow War,2021,https://boxd.it/lE78
2021-08-01,The Forever Purge,2021,https://boxd.it/mdzc
2021-08-02,"Batman: The Long Halloween, Part Two",2021,https://boxd.it/rCI4
2021-08-04,Jungle Cruise,2021,https://boxd.it/g4YK
2021-08-06,Pirates of Silicon Valley,1999,https://boxd.it/25vm
2021-08-06,The Suicide Squad,2021,https://boxd.it/fw6O
2021-08-06,Bumblebee,2018,https://boxd.it/f21O
2021-08-09,Wrath of Man,2021,https://boxd.it/nEia
2021-08-13,Underdogs,2013,https://boxd.it/4Pck
2021-08-13,Drugstore,2019,https://boxd.it/lN7m
2021-08-15,Remember Me,2010,https://boxd.it/1zyI
2021-08-16,United 93,2006,https://boxd.it/1XHY
2021-08-16,Little Nicky,2000,https://boxd.it/1Y4I
2021-08-18,Rock the Kasbah,2015,https://boxd.it/7r8a
2021-08-18,Momentum,2015,https://boxd.it/bCS2
2021-08-20,You Will Meet a Tall Dark Stranger,2010,https://boxd.it/16W2
2021-08-21,Robin Hood,2018,https://boxd.it/d3bc
2021-08-30,Sicario: Day of the Soldado,2018,https://boxd.it/e4fG
2021-09-03,Shang-Chi and the Legend of the Ten Rings,2021,https://boxd.it/kLDI
2021-09-06,Weathering with You,2019,https://boxd.it/kPxE
2021-09-06,Infinite,2021,https://boxd.it/lnRe
2021-09-20,The Wolf of Wall Street,2013,https://boxd.it/3C1m
2021-09-20,The Matrix Reloaded,2003,https://boxd.it/2a1c
2021-09-25,Free Guy,2021,https://boxd.it/k8dm
2021-09-27,Cry Macho,2021,https://boxd.it/s9z0
2021-10-04,Triangle,2009,https://boxd.it/1tQG
2021-10-08,Venom: Let There Be Carnage,2021,https://boxd.it/llco
2021-10-11,Injustice,2021,https://boxd.it/vlOW
2021-10-12,Good Life Delivery,2004,https://boxd.it/3Jrm
2021-10-14,He's Just Not That Into You,2009,https://boxd.it/1WSG
2021-10-17,Kryptonita,2015,https://boxd.it/cDgg
2021-10-20,Warcraft,2016,https://boxd.it/2czK
2021-10-22,Stardust,2007,https://boxd.it/272w
2021-10-23,Dune,2021,https://boxd.it/fA7G
2021-10-25,Searching,2018,https://boxd.it/hDPg
2021-10-26,The Goldfinch,2019,https://boxd.it/gX6I
2021-10-27,Pokémon the Movie: Secrets of the Jungle,2020,https://boxd.it/oFxM
2021-11-01,Jumper,2008,https://boxd.it/20ss
2021-11-04,Women on the Verge of a Nervous Breakdown,1988,https://boxd.it/24GI
2021-11-05,Eternals,2021,https://boxd.it/j36o
2021-11-05,Bad Education,2004,https://boxd.it/2b2K
2021-11-07,Dark Habits,1983,https://boxd.it/20tg
2021-11-08,The Flower of My Secret,1995,https://boxd.it/24we
2021-11-08,Trainwreck,2015,https://boxd.it/8bdA
2021-11-09,High Heels,1991,https://boxd.it/20sW
2021-11-10,Atonement,2007,https://boxd.it/24ui
2021-11-11,Army of Thieves,2021,https://boxd.it/tYai
2021-11-12,A Life of Speed: The Juan Manuel Fangio Story,2020,https://boxd.it/pb7c
2021-11-15,Casino Royale,2006,https://boxd.it/1alk
2021-11-15,The Intern,2015,https://boxd.it/7AOE
2021-11-16,El Otro Maradona,2014,https://boxd.it/b8QU
2021-11-17,Voyagers,2021,https://boxd.it/m2qo
2021-11-18,Quantum of Solace,2008,https://boxd.it/1Vs8
2021-11-19,Martin (Hache),1997,https://boxd.it/Uve
2021-11-23,The Boss Baby,2017,https://boxd.it/9mfO
2021-11-23,The Goonies,1985,https://boxd.it/1YVC
2021-11-25,"tick, tick...BOOM!",2021,https://boxd.it/jz2e
2021-11-28,Skyfall,2012,https://boxd.it/17Fc
2021-11-30,A Sound of Thunder,2005,https://boxd.it/1X98
2021-11-30,Sherlock: The Abominable Bride,2016,https://boxd.it/dbTQ
2021-11-30,The Core,2003,https://boxd.it/1YVs
2021-11-30,The Discovery,2017,https://boxd.it/d4gC
2021-11-30,The Thinning,2016,https://boxd.it/eOK6
2021-12-02,2067,2020,https://boxd.it/jbFm
2021-12-02,Cheese Head,2006,https://boxd.it/2ndq
2021-12-12,Last Christmas,2019,https://boxd.it/k38G
2021-12-16,Spider-Man: No Way Home,2021,https://boxd.it/nwRw
2021-12-17,Bad Christmas,2021,https://boxd.it/nmSa
2021-12-17,The Island,2005,https://boxd.it/28qE
2021-12-20,Braveheart,1995,https://boxd.it/2aTI
2021-12-22,28 Days Later,2002,https://boxd.it/2aXU
2021-12-22,28 Weeks Later,2007,https://boxd.it/28Bi
2021-12-22,Z for Zachariah,2015,https://boxd.it/5Q5w
2021-12-22,Rock of Ages,2012,https://boxd.it/2OlG
2021-12-22,Upside Down,2012,https://boxd.it/kOY
2021-12-28,Resident Evil: Welcome to Raccoon City,2021,https://boxd.it/gsvM
2021-12-31,Spectre,2015,https://boxd.it/6bXY
2022-01-03,Last Night in Soho,2021,https://boxd.it/lbJC
2022-01-04,Encanto,2021,https://boxd.it/kPRu
2022-01-04,The Boss: Anatomy of a Crime,2014,https://boxd.it/a8p8
2022-01-04,Proximity,2020,https://boxd.it/pTWI
2022-01-04,Kin,2018,https://boxd.it/f3NY
2022-01-05,Leave No Trace,2018,https://boxd.it/fMfM
2022-01-07,Romeo + Juliet,1996,https://boxd.it/2ama
2022-01-07,Don't Look Up,2021,https://boxd.it/o0Hc
2022-01-10,Blast from the Past,1999,https://boxd.it/1ToS
2022-01-10,After the Dark,2013,https://boxd.it/5YaE
2022-01-11,The Hand of God,2021,https://boxd.it/r5uI
2022-01-13,The Blue Lagoon,1980,https://boxd.it/22KS
2022-01-13,Return to the Blue Lagoon,1991,https://boxd.it/1PcI
2022-01-16,Ghostbusters: Afterlife,2021,https://boxd.it/f4Pw
2022-01-19,"10,000 Saints",2015,https://boxd.it/7r6S
2022-01-20,Horns,2013,https://boxd.it/4J8Q
2022-01-20,Long Story Short,2021,https://boxd.it/sGgU
2022-01-22,Savage Grace,2007,https://boxd.it/1Vj6
2022-01-24,Youth in Revolt,2009,https://boxd.it/1AK6
2022-01-24,White Boy Rick,2018,https://boxd.it/fAwG
2022-01-31,Euphoria: F*ck Anyone Who’s Not a Sea Blob,2021,https://boxd.it/tMkU
2022-01-31,Euphoria: Trouble Don't Last Always,2020,https://boxd.it/ta4a
2022-01-31,The Matrix Revolutions,2003,https://boxd.it/2a12
2022-01-31,Above the Shadows,2019,https://boxd.it/mwTg
2022-01-31,Bedazzled,2000,https://boxd.it/28qu
2022-01-31,"I Love You, Beth Cooper",2009,https://boxd.it/1ErW
2022-01-31,Pixels,2015,https://boxd.it/7BaA
2022-01-31,It's a Boy Girl Thing,2006,https://boxd.it/17F2
2022-02-01,The Girl Next Door,2004,https://boxd.it/1VSq
2022-02-01,Hollow Man,2000,https://boxd.it/1YP0
2022-02-02,Infamous,2020,https://boxd.it/qhBE
2022-02-02,Good Will Hunting,1997,https://boxd.it/2ahY
2022-02-02,Jumanji,1995,https://boxd.it/1ZLI
2022-02-04,The Art of Self-Defense,2019,https://boxd.it/hf5y
2022-02-05,Licorice Pizza,2021,https://boxd.it/qTKY
2022-02-05,Pearl Harbor,2001,https://boxd.it/29Q4
2022-02-05,Flawless,2007,https://boxd.it/1QCs
2022-02-09,"Good Morning, Vietnam",1987,https://boxd.it/29Aq
2022-02-10,The Matrix Resurrections,2021,https://boxd.it/n87k
2022-02-11,The King's Man,2021,https://boxd.it/h714
2022-02-12,Magic in the Moonlight,2014,https://boxd.it/6Lko
2022-02-13,Who Says It's Easy?,2007,https://boxd.it/3Vtk
2022-02-14,Rushmore,1998,https://boxd.it/1TAO
2022-02-15,The Color Purple,1985,https://boxd.it/29oO
2022-02-15,Indecent Proposal,1993,https://boxd.it/24h4
2022-02-17,King Richard,2021,https://boxd.it/mJZ2
2022-02-21,Chaos Walking,2021,https://boxd.it/ey2M
2022-02-21,Chained,2012,https://boxd.it/3ThQ
2022-02-22,The Power of the Dog,2021,https://boxd.it/m99E
2022-02-22,Six Days Seven Nights,1998,https://boxd.it/227c
2022-02-26,Mainstream,2020,https://boxd.it/kpDc
2022-02-28,En fuera de juego,2012,https://boxd.it/3H88
2022-03-03,Office Space,1999,https://boxd.it/28Em
2022-03-03,The Batman,2022,https://boxd.it/eDGs
2022-03-03,Fantastic Beasts: The Crimes of Grindelwald,2018,https://boxd.it/bg8G
2022-03-03,The Infiltrator,2016,https://boxd.it/aCm4
2022-03-04,The Last Duel,2021,https://boxd.it/mQbe
2022-03-04,Parallel Mothers,2021,https://boxd.it/sOP4
2022-03-07,The Darjeeling Limited,2007,https://boxd.it/24as
2022-03-14,The Adam Project,2022,https://boxd.it/q2Dg
2022-03-14,Rose Island,2020,https://boxd.it/nBlq
2022-03-15,Ron's Gone Wrong,2021,https://boxd.it/hlj2
2022-03-15,The Informer,2019,https://boxd.it/gGJI
2022-03-15,Batman: Year One,2011,https://boxd.it/2vf0
2022-03-16,High Fidelity,2000,https://boxd.it/2aMW
2022-03-16,Fuga de la Patagonia,2016,https://boxd.it/hv3e
2022-03-16,4x4,2019,https://boxd.it/l8PC
2022-03-16,Nafta Súper,2016,https://boxd.it/vEGM
2022-03-17,The Details,2011,https://boxd.it/4npg
2022-03-17,Weird Science,1985,https://boxd.it/1T1O
2022-03-18,Castello Cavalcanti,2013,https://boxd.it/6WlM
2022-03-18,Sunshine,2007,https://boxd.it/28Xy
2022-03-18,127 Hours,2010,https://boxd.it/SLa
2022-03-18,Parallel,2018,https://boxd.it/f6Ss
2022-03-21,Today We Fix the World,2022,https://boxd.it/oqjU
2022-03-22,Higher Power,2018,https://boxd.it/iAiK
2022-03-23,Old,2021,https://boxd.it/npKI
2022-03-23,Songbird,2020,https://boxd.it/r2xY
2022-03-24,The Wizard of Lies,2017,https://boxd.it/cB7m
2022-03-25,Wasp Network,2019,https://boxd.it/g5qa
2022-03-25,Nightmare Alley,2021,https://boxd.it/m0HC
2022-03-26,The Future is an Angel and a Smile,2020,https://boxd.it/yzw4
2022-03-30,The 9th Life of Louis Drax,2016,https://boxd.it/9jVC
2022-03-31,Dave,1993,https://boxd.it/1Txq
2022-03-31,Animal,2018,https://boxd.it/i2tu
2022-03-31,Unknown Origins,2020,https://boxd.it/fzQ6
2022-03-31,Robin Robin,2021,https://boxd.it/o9OQ
2022-04-01,All Hail,2022,https://boxd.it/prVs
2022-04-03,The Man Who Invented Christmas,2017,https://boxd.it/g37q
2022-04-04,Murder on the Orient Express,2017,https://boxd.it/dHjA
2022-04-04,Trust No One: The Hunt for the Crypto King,2022,https://boxd.it/zHTW
2022-04-04,Morbius,2022,https://boxd.it/j978
2022-04-04,The Fallout,2021,https://boxd.it/tViI
2022-04-05,Volley,2015,https://boxd.it/aSjA
2022-04-05,My Love or My Passion,2017,https://boxd.it/gKFq
2022-04-07,Abzurdah,2015,https://boxd.it/bWiS
2022-04-07,Brave Father Online - Our Story of Final Fantasy XIV,2019,https://boxd.it/mAWS
2022-04-08,The Red Thread,2016,https://boxd.it/dOaK
2022-04-08,I'm Not Your Mom,2019,https://boxd.it/mvBK
2022-04-08,7500,2019,https://boxd.it/iqZY
2022-04-08,The Invisible,2007,https://boxd.it/1XOA
2022-04-08,Dog,2022,https://boxd.it/nd4K
2022-04-10,Una noche de amor,2016,https://boxd.it/g4ti
2022-04-11,The Lighthouse,2019,https://boxd.it/icFU
2022-04-11,The Bubble,2022,https://boxd.it/sKAa
2022-04-12,The French Dispatch,2021,https://boxd.it/jLP8
2022-04-12,"Those Who Love, Hate",2017,https://boxd.it/h2wG
2022-04-12,Immortals,2011,https://boxd.it/176m
2022-04-14,Hawkeye,2021,https://boxd.it/xQqK
2022-04-15,Dark Buildings (A Crack in the Wall),2018,https://boxd.it/i2hS
2022-04-17,The Quiet,2005,https://boxd.it/1XKy
2022-04-18,Volver,2006,https://boxd.it/2aQO
2022-04-19,The Tree of Blood,2018,https://boxd.it/i8Bu
2022-04-20,The Legacy of the Bones,2019,https://boxd.it/mFiy
2022-04-20,Tale of Tales,2015,https://boxd.it/a89u
2022-04-22,The Eyes of Tammy Faye,2021,https://boxd.it/mbB6
2022-04-23,Offering to the Storm,2020,https://boxd.it/p4KG
2022-04-25,Intuition,2020,https://boxd.it/mYYI
2022-04-25,Uncharted,2022,https://boxd.it/b5Dy
2022-04-26,Synchronic,2019,https://boxd.it/k3M2
2022-05-02,The Beach,2000,https://boxd.it/27T6
2022-05-05,Doctor Strange in the Multiverse of Madness,2022,https://boxd.it/gaTc
2022-05-08,Moon Knight,2022,https://boxd.it/zeDq
2022-05-08,Sonic the Hedgehog 2,2022,https://boxd.it/pb8O
2022-05-09,The Northman,2022,https://boxd.it/nK2s
2022-05-11,The Giver,2014,https://boxd.it/6HWo
2022-05-16,Layer Cake,2004,https://boxd.it/23LC
2022-05-16,Senior Year,2022,https://boxd.it/u8C2
2022-05-16,We Die Young,2019,https://boxd.it/jBMS
2022-05-17,Jack,1996,https://boxd.it/21au
2022-05-19,Everything Everywhere All at Once,2022,https://boxd.it/jUk4
2022-05-19,Wyrmwood: Apocalypse,2021,https://boxd.it/xcA6
2022-05-20,Alpha,2018,https://boxd.it/dZUE
2022-05-20,The Book of Eli,2010,https://boxd.it/1Dnu
2022-05-22,Official Competition,2021,https://boxd.it/oUKm
2022-05-23,Chip 'n Dale: Rescue Rangers,2022,https://boxd.it/eSk2
2022-05-23,Fantastic Beasts: The Secrets of Dumbledore,2022,https://boxd.it/bg8Q
2022-05-24,The Late Bloomer,2016,https://boxd.it/eA7k
2022-05-28,Queenpins,2021,https://boxd.it/niBu
2022-05-30,Lords of Dogtown,2005,https://boxd.it/1XOg
2022-05-31,The Professor,2018,https://boxd.it/gLm0
2022-06-09,Concrete Cowboy,2020,https://boxd.it/n15Q
2022-06-11,The Heavenly Plan,2019,https://boxd.it/o2oc
2022-06-12,Daybreakers,2009,https://boxd.it/1EnA
2022-06-16,Punch-Drunk Love,2002,https://boxd.it/20E4
2022-06-16,A Quiet Place Part II,2020,https://boxd.it/iTx0
2022-06-16,Top Gun: Maverick,2022,https://boxd.it/cjr4
2022-06-20,The Wrath of God,2022,https://boxd.it/xdoA
2022-06-21,When Harry Met Sally...,1989,https://boxd.it/29W2
2022-06-21,The Signal,2014,https://boxd.it/77hc
2022-06-25,Tom & Jerry,2021,https://boxd.it/lCXG
2022-06-25,Deep Water,2022,https://boxd.it/mVHk
2022-06-25,X+Y,2014,https://boxd.it/8uC0
2022-06-27,Sounds Like Love,2021,https://boxd.it/tcPW
2022-06-28,Red Notice,2021,https://boxd.it/ixtq
2022-06-30,The Commuter,2018,https://boxd.it/dZ36
2022-06-30,The Last Days,2013,https://boxd.it/5cDe
2022-07-03,The Darkest Minds,2018,https://boxd.it/fRBo
2022-07-05,Spencer,2021,https://boxd.it/qPMG
2022-07-06,Flightplan,2005,https://boxd.it/1YZu
2022-07-06,The Plague,2006,https://boxd.it/1Mh6
2022-07-07,Thor: Love and Thunder,2022,https://boxd.it/mMAY
2022-07-07,The Extraordinary Adventures of Adèle Blanc-Sec,2010,https://boxd.it/1cke
2022-07-08,If I Stay,2014,https://boxd.it/7iM6
2022-07-10,The Experiment,2010,https://boxd.it/Uc2
2022-07-13,The Aeronauts,2019,https://boxd.it/iEt8
2022-07-14,Freedom Writers,2007,https://boxd.it/28p2
2022-07-14,CATO,2021,https://boxd.it/x28Q
2022-07-14,Corrective Measures,2022,https://boxd.it/wU2A
2022-07-15,Pride & Prejudice,2005,https://boxd.it/24u8
2022-07-18,I Am Mortal,2021,https://boxd.it/yCJ6
2022-07-19,Raging Bull,1980,https://boxd.it/28yI
2022-07-21,The Help,2011,https://boxd.it/EDm
2022-07-23,Whiplash,2014,https://boxd.it/7bQA
2022-07-23,Black Knight,2001,https://boxd.it/1TMg
2022-07-24,Hidden Figures,2016,https://boxd.it/dgS4
2022-07-24,Buffaloed,2019,https://boxd.it/jY24
2022-07-25,Malignant,2021,https://boxd.it/mViE
2022-07-25,Guns Akimbo,2019,https://boxd.it/gkFu
2022-07-25,Lightyear,2022,https://boxd.it/qV1G
2022-07-28,The Ticket,2016,https://boxd.it/b2Kc
2022-07-31,2001: A Space Odyssey,1968,https://boxd.it/2bf0
2022-08-01,Sing 2,2021,https://boxd.it/fAnE
2022-08-01,Final Girl,2015,https://boxd.it/8sD6
2022-08-06,Targeted,2022,https://boxd.it/yx5K
2022-08-08,Evolution,2001,https://boxd.it/1YMK
2022-08-08,The Hangover,2009,https://boxd.it/1GjK
2022-08-08,The Hangover Part II,2011,https://boxd.it/PZI
2022-08-09,Bloodshot,2020,https://boxd.it/bfG8
2022-08-09,Jerry & Marge Go Large,2022,https://boxd.it/vPf8
2022-08-14,Day Shift,2022,https://boxd.it/sn8W
2022-08-16,Elvis,2022,https://boxd.it/mK4w
2022-08-17,Echoes,2022,https://boxd.it/vL2a
2022-08-17,The Hangover Part III,2013,https://boxd.it/3GNY
2022-08-22,Prey,2022,https://boxd.it/sNBU
2022-08-22,Black Mirror: Playtest,2016,https://boxd.it/hRR6
2022-08-23,Dragon Ball Super: Super Hero,2022,https://boxd.it/mxII
2022-08-23,Lucy in the Sky,2019,https://boxd.it/bjly
2022-08-26,Che: Part One,2008,https://boxd.it/1ZGe
2022-08-26,DC League of Super-Pets,2022,https://boxd.it/jFTI
2022-08-28,Escobar: Paradise Lost,2014,https://boxd.it/7w5U
2022-08-28,Che: Part Two,2008,https://boxd.it/1ZGo
2022-08-28,Samaritan,2022,https://boxd.it/njkY
2022-08-29,Ad Astra,2019,https://boxd.it/ePzI
2022-08-30,Justice Society: World War II,2021,https://boxd.it/rCIy
2022-09-02,Superman: Man of Tomorrow,2020,https://boxd.it/mSaC
2022-09-02,Batman: Soul of the Dragon,2021,https://boxd.it/rtdm
2022-09-02,DC Showcase: Kamandi: The Last Boy on Earth!,2021,https://boxd.it/tLr6
2022-09-02,DC Showcase: The Losers,2021,https://boxd.it/tLqW
2022-09-02,DC Showcase: Blue Beetle,2021,https://boxd.it/tLqC
2022-09-02,Constantine: The House of Mystery,2022,https://boxd.it/tLqM
2022-09-03,Brokeback Mountain,2005,https://boxd.it/2b2q
2022-09-05,Riders of Justice,2020,https://boxd.it/oHQc
2022-09-06,Inside the Mind of a Cat,2022,https://boxd.it/BV14
2022-09-06,Bank Robbers: The Last Great Heist,2022,https://boxd.it/BO0S
2022-09-12,Joy,2015,https://boxd.it/8kEU
2022-09-12,Cirque du Freak: The Vampire's Assistant,2009,https://boxd.it/1xHo
2022-09-12,Beyond the Black Rainbow,2010,https://boxd.it/EzY
2022-09-13,Get a Job,2016,https://boxd.it/5EQU
2022-09-13,The Family,2013,https://boxd.it/3LkW
2022-09-15,Being the Ricardos,2021,https://boxd.it/iJQc
2022-09-17,Wilson,2017,https://boxd.it/bCJu
2022-09-17,Cruella,2021,https://boxd.it/bbKg
2022-09-17,One Day,2011,https://boxd.it/Asu
2022-09-17,Enemy at the Gates,2001,https://boxd.it/29s2
2022-09-18,Nope,2022,https://boxd.it/sDCe
2022-09-19,Hustle,2022,https://boxd.it/qpig
2022-09-19,Truman,2015,https://boxd.it/bocw
2022-09-19,Bring It On,2000,https://boxd.it/28x6
2022-09-24,The Gray Man,2022,https://boxd.it/rb7q
2022-09-26,Vanilla Sky,2001,https://boxd.it/27TK
2022-09-26,The Weasel's Tale,2019,https://boxd.it/l5f2
2022-09-26,Whip It,2009,https://boxd.it/1A3m
2022-09-27,Thirteen Lives,2022,https://boxd.it/q7O4
2022-09-27,Fall,2022,https://boxd.it/Bf6G
2022-09-29,Candyman,2021,https://boxd.it/kHFg
2022-09-29,I Think We're Alone Now,2018,https://boxd.it/g72u
2022-09-29,Doghouse,2009,https://boxd.it/1Dd0
2022-09-30,Ms. Marvel,2022,https://boxd.it/ANCY
2022-10-01,Me Time,2022,https://boxd.it/wzV0
2022-10-05,The Greatest Beer Run Ever,2022,https://boxd.it/m2tC
2022-10-05,The Map of Tiny Perfect Things,2021,https://boxd.it/p3O8
2022-10-05,The Kindergarten Teacher,2018,https://boxd.it/hE3i
2022-10-06,Blonde,2022,https://boxd.it/9AG0
2022-10-06,Vesper,2022,https://boxd.it/ASlI
2022-10-06,Hocus Pocus,1993,https://boxd.it/1Wgi
2022-10-06,Hocus Pocus 2,2022,https://boxd.it/nRog
2022-10-07,Land of the Lost,2009,https://boxd.it/1Htc
2022-10-08,Werewolf by Night,2022,https://boxd.it/xMrO
2022-10-09,Pinocchio,2022,https://boxd.it/jnWY
2022-10-09,Next Avengers: Heroes of Tomorrow,2008,https://boxd.it/1NJA
2022-10-09,A Wrinkle in Time,2018,https://boxd.it/el46
2022-10-10,Artemis Fowl,2020,https://boxd.it/h3Vs
2022-10-11,Entergalactic,2022,https://boxd.it/CPN4
2022-10-11,Snake Eyes,1998,https://boxd.it/1ZX0
2022-10-11,Batman and Superman: Battle of the Super Sons,2022,https://boxd.it/xsDU
2022-10-11,Do Revenge,2022,https://boxd.it/sFiA
2022-10-11,Smile,2022,https://boxd.it/xjfE
2022-10-12,The Quietude,2018,https://boxd.it/hmZo
2022-10-14,Starsky & Hutch,2004,https://boxd.it/1YOQ
2022-10-14,Okupas,2000,https://boxd.it/s7Ji
2022-10-14,All I See Is You,2016,https://boxd.it/bAIY
2022-10-16,Charlie's Angels,2019,https://boxd.it/gogo
2022-10-16,Luckiest Girl Alive,2022,https://boxd.it/u5Sw
2022-10-18,The Laws of Thermodynamics,2018,https://boxd.it/fwmM
2022-10-21,Black Adam,2022,https://boxd.it/fup0
2022-10-21,En busca del muñeco perdido,2016,https://boxd.it/iBDk
2022-10-22,Togo,2022,https://boxd.it/xnis
2022-10-22,"Argentina, 1985",2022,https://boxd.it/qLxM
2022-10-25,El gerente,2022,https://boxd.it/z7sg
2022-10-27,Obi-Wan Kenobi,2022,https://boxd.it/yLBA
2022-10-27,Emily the Criminal,2022,https://boxd.it/wBOq
2022-10-29,Fresh,2022,https://boxd.it/tCNi
2022-10-30,The Unbearable Weight of Massive Talent,2022,https://boxd.it/o6eK
2022-11-01,Rodman: For Better or Worse,2019,https://boxd.it/mk2k
2022-11-02,Speed Racer,2008,https://boxd.it/20UQ
2022-11-05,30 Nights with My Ex,2022,https://boxd.it/xhEs
2022-11-07,Don't Worry Darling,2022,https://boxd.it/mViu
2022-11-07,Emergency Declaration,2021,https://boxd.it/nduy
2022-11-09,Sean eternos: Campeones de América,2022,https://boxd.it/Dyzw
2022-11-10,Black Panther: Wakanda Forever,2022,https://boxd.it/igPu
2022-11-12,Stephanie,2017,https://boxd.it/aZgI
2022-11-14,Moulin Rouge!,2001,https://boxd.it/29wI
2022-11-14,The Sixth Man,1997,https://boxd.it/19Mu
2022-11-15,Bigbug,2022,https://boxd.it/oMtW
2022-11-15,Ghost Ship,2002,https://boxd.it/1Y9y
2022-11-15,Teeth,2007,https://boxd.it/1QMM
2022-11-16,Monster Hunter,2020,https://boxd.it/gnB6
2022-11-16,Elizabeth Harvest,2018,https://boxd.it/gjT6
2022-11-16,All Quiet on the Western Front,2022,https://boxd.it/H08
2022-11-18,Vivarium,2019,https://boxd.it/gmVE
2022-11-20,Lamborghini: The Man Behind the Legend,2022,https://boxd.it/gkmM
2022-11-21,Slumberland,2022,https://boxd.it/oTqq
2022-11-26,The Guardians of the Galaxy Holiday Special,2022,https://boxd.it/t77K
2022-11-28,The Holiday,2006,https://boxd.it/28ye
2022-11-28,Beyond the Reach,2014,https://boxd.it/8Nh6
2022-11-29,The Big Sick,2017,https://boxd.it/eHvy
2022-12-01,Melissa P.,2005,https://boxd.it/1Q8i
2022-12-02,IO,2019,https://boxd.it/fmCU
2022-12-06,Eyes Wide Shut,1999,https://boxd.it/2axs
2022-12-11,Kiss Kiss Bang Bang,2005,https://boxd.it/23c8
2022-12-11,Spirited,2022,https://boxd.it/nshk
2022-12-12,House of Gucci,2021,https://boxd.it/nVkC
2022-12-12,The Day of the Beast,1995,https://boxd.it/1Vyg
2022-12-12,Rise,2022,https://boxd.it/svMU
2022-12-12,The Free Fall,2021,https://boxd.it/wu62
2022-12-13,Pan,2015,https://boxd.it/7XYi
2022-12-13,Superwho?,2021,https://boxd.it/s1rC
2022-12-17,The Fabelmans,2022,https://boxd.it/ugoM
2022-12-17,Lucky Luke,2009,https://boxd.it/1cVY
2022-12-20,The Invasion,2007,https://boxd.it/23Ku
2022-12-22,Violent Night,2022,https://boxd.it/xXBA
2022-12-22,Scrooged,1988,https://boxd.it/1Y9e
2022-12-23,That's Not Cheating,2016,https://boxd.it/e24G
2022-12-26,Glass Onion: A Knives Out Mystery,2022,https://boxd.it/oCkK
2022-12-26,Bullet Train,2022,https://boxd.it/qW26
2022-12-26,Die Hard,1988,https://boxd.it/2a7u
2022-12-27,See How They Run,2022,https://boxd.it/sNVq
2022-12-29,Strange World,2022,https://boxd.it/x6Li
2022-12-29,The Nightmare Before Christmas,1993,https://boxd.it/1YzQ
2022-12-29,Cop Car,2015,https://boxd.it/9X0G
2022-12-30,Hot Summer Nights,2017,https://boxd.it/bFIE
2022-12-31,White Noise,2022,https://boxd.it/rXgK
2023-01-02,Aftersun,2022,https://boxd.it/Arw0
2023-01-02,Ready or Not,2019,https://boxd.it/kOf0
2023-01-03,The Marriage App,2022,https://boxd.it/zLxK
2023-01-04,Instant Family,2018,https://boxd.it/hHpQ
2023-01-04,Enola Holmes 2,2022,https://boxd.it/vfDe
2023-01-04,Brawl in Cell Block 99,2017,https://boxd.it/dWOo
2023-01-05,The Menu,2022,https://boxd.it/lScm
2023-01-06,Closer,2004,https://boxd.it/270K
2023-01-07,Alive,1993,https://boxd.it/210u
2023-01-07,Cha Cha Real Smooth,2022,https://boxd.it/uF8E
2023-01-07,My Teacher's Wife,1995,https://boxd.it/14Ha
2023-01-09,Puss in Boots: The Last Wish,2022,https://boxd.it/aaie
2023-01-09,12 Mighty Orphans,2021,https://boxd.it/n9ew
2023-01-10,The Silence of the Sky,2016,https://boxd.it/ezJC
2023-01-10,RRR,2022,https://boxd.it/ljDs
2023-01-11,The Pale Blue Eye,2022,https://boxd.it/u8tk
2023-01-16,Tales of an Immoral Couple,2016,https://boxd.it/duNW
2023-01-16,The Foquita: El 10 de la Calle,2020,https://boxd.it/p9bw
2023-01-16,Nothing to Lose,1997,https://boxd.it/1Tgu
2023-01-16,Earth vs. the Spider,2001,https://boxd.it/1k3K
2023-01-17,Christmas Bloody Christmas,2022,https://boxd.it/Cy7U
2023-01-17,Death on the Nile,2022,https://boxd.it/ifpg
2023-01-19,West Side Story,2021,https://boxd.it/iwt0
2023-01-19,Death Proof,2007,https://boxd.it/27GG
2023-01-19,The Day of the Triffids,2009,https://boxd.it/1ag
2023-01-19,Section 8,2022,https://boxd.it/xK52
2023-01-21,Trial by Fire,2018,https://boxd.it/hjMw
2023-01-22,Tidal Wave,2009,https://boxd.it/1fWK
2023-01-23,Puss in Boots,2011,https://boxd.it/eL34
2023-01-25,The Substitute,2022,https://boxd.it/xsT4
2023-01-25,Talk to Her,2002,https://boxd.it/2beG
2023-01-25,Planet Terror,2007,https://boxd.it/27Gw
2023-01-26,Babylon,2022,https://boxd.it/mM02
2023-01-26,A Beautiful Day in the Neighborhood,2019,https://boxd.it/i7vA
2023-01-27,"BARDO, False Chronicle of a Handful of Truths",2022,https://boxd.it/pAgy
2023-01-27,The Method,2005,https://boxd.it/1CuE
2023-01-27,Triangle of Sadness,2022,https://boxd.it/hXlq
2023-01-27,What a Girl Wants,2003,https://boxd.it/1Vwa
2023-01-27,One Eight Seven,1997,https://boxd.it/226I
2023-01-28,Guillermo del Toro's Pinocchio,2022,https://boxd.it/kjMW
2023-01-28,A Trip to the Moon,1902,https://boxd.it/29EC
2023-01-28,Marcel the Shell with Shoes On,2021,https://boxd.it/wMAk
2023-01-29,X,2022,https://boxd.it/sxVa
2023-01-30,You People,2023,https://boxd.it/wJYe
2023-01-30,Van Helsing,2004,https://boxd.it/21aa
2023-02-01,Porco Rosso,1992,https://boxd.it/1Tp2
2023-02-02,Zombieland,2009,https://boxd.it/1En6
2023-02-02,Spiderhead,2022,https://boxd.it/mLsO
2023-02-03,Let's Go to Prison,2006,https://boxd.it/1XL2
2023-02-03,42,2013,https://boxd.it/3GBo
2023-02-03,Legion of Super-Heroes,2023,https://boxd.it/BW1O
2023-02-03,Emma.,2020,https://boxd.it/kmg0
2023-02-03,Nine Miles Down,2009,https://boxd.it/1tj8
2023-02-03,Acts of Violence,2018,https://boxd.it/hd0m
2023-02-04,Robin Hood,2010,https://boxd.it/1D6o
2023-02-05,The Sea Beast,2022,https://boxd.it/kv3a
2023-02-05,Clean,2021,https://boxd.it/pKXC
2023-02-07,Along Came a Spider,2001,https://boxd.it/27yW
2023-02-07,Green Lantern: Beware My Power,2022,https://boxd.it/xvNy
2023-02-08,The Bone Collector,1999,https://boxd.it/1Yzw
2023-02-08,The Cave,2005,https://boxd.it/1Zjk
2023-02-09,The Gift,2000,https://boxd.it/27ys
2023-02-10,Greenland,2020,https://boxd.it/j1Um
2023-02-11,Passenger 57,1992,https://boxd.it/1W0Y
2023-02-12,The Good Nurse,2022,https://boxd.it/jIXI
2023-02-12,The Hunt,2012,https://boxd.it/3wEC
2023-02-14,White Men Can't Jump,1992,https://boxd.it/1WWy
2023-02-15,Operation Mincemeat,2021,https://boxd.it/oAY4
2023-02-15,Prison 77,2022,https://boxd.it/yq4U
2023-02-16,The Widows of Thursdays,2009,https://boxd.it/16sm
2023-02-16,María Marta: The Country Club Crime,,https://boxd.it/Cati
2023-02-16,Ant-Man and the Wasp: Quantumania,2023,https://boxd.it/nL2y
2023-02-17,The Sum of All Fears,2002,https://boxd.it/242I
2023-02-18,13 Going on 30,2004,https://boxd.it/1X6e
2023-02-18,Blood and Bone,2009,https://boxd.it/1AXE
2023-02-20,Blood Glacier,2013,https://boxd.it/6ipO
2023-02-21,Spree,2020,https://boxd.it/oiiO
2023-02-21,Shithouse,2020,https://boxd.it/nCFc
2023-02-22,The Titan,2018,https://boxd.it/h7K4
2023-02-22,Knock at the Cabin,2023,https://boxd.it/npL2
2023-02-22,Logan's Run,1976,https://boxd.it/1Vma
2023-02-23,Batman: Death in the Family,2020,https://boxd.it/mSfW
2023-02-23,DC Showcase: Sgt. Rock,2019,https://boxd.it/mSf8
2023-02-24,She-Hulk: Attorney at Law,2022,https://boxd.it/CjLK
2023-02-24,The Woman King,2022,https://boxd.it/r9a8
2023-02-25,Bombshell,2019,https://boxd.it/j5YC
2023-02-25,We Have a Ghost,2023,https://boxd.it/wa4K
2023-02-25,Pitch Perfect 2,2015,https://boxd.it/7tNa
2023-02-26,Kicking and Screaming,1995,https://boxd.it/1pHK
2023-02-26,The Way Way Back,2013,https://boxd.it/4Gwq
2023-02-27,Gridiron Gang,2006,https://boxd.it/1XRu
2023-02-27,The Whale,2022,https://boxd.it/tw4c
2023-02-27,Sky High,2005,https://boxd.it/1TNI
2023-02-28,The Boy in the Striped Pyjamas,2008,https://boxd.it/1NOK
2023-02-28,Mr. Brooks,2007,https://boxd.it/25nW
2023-02-28,Triumph,2021,https://boxd.it/uv56
2023-02-28,Blade: Trinity,2004,https://boxd.it/1a8q
2023-03-01,The Salvation,2014,https://boxd.it/7X0M
